-- phpMyAdmin SQL Dump
-- version 5.0.1
-- https://www.phpmyadmin.net/
--
-- Host: localhost
-- Generation Time: Aug 12, 2020 at 07:28 AM
-- Server version: 10.4.12-MariaDB
-- PHP Version: 7.4.6

SET SQL_MODE = "NO_AUTO_VALUE_ON_ZERO";
SET AUTOCOMMIT = 0;
START TRANSACTION;
SET time_zone = "+00:00";


/*!40101 SET @OLD_CHARACTER_SET_CLIENT=@@CHARACTER_SET_CLIENT */;
/*!40101 SET @OLD_CHARACTER_SET_RESULTS=@@CHARACTER_SET_RESULTS */;
/*!40101 SET @OLD_COLLATION_CONNECTION=@@COLLATION_CONNECTION */;
/*!40101 SET NAMES utf8mb4 */;

--
-- Database: `mpm_mgmt`
--

-- --------------------------------------------------------

--
-- Table structure for table `attendances`
--

CREATE TABLE `attendances` (
  `id` int(11) NOT NULL,
  `recordedDateTime` datetime DEFAULT NULL,
  `createdAt` datetime NOT NULL,
  `updatedAt` datetime NOT NULL,
  `employeeId` int(11) DEFAULT NULL
) ENGINE=InnoDB DEFAULT CHARSET=utf8;

--
-- Dumping data for table `attendances`
--

INSERT INTO `attendances` (`id`, `recordedDateTime`, `createdAt`, `updatedAt`, `employeeId`) VALUES
(1, '2020-06-29 16:41:19', '2020-06-29 16:41:19', '2020-06-29 16:41:19', 1),
(2, '2020-06-30 15:52:53', '2020-06-30 15:52:53', '2020-06-30 15:52:53', 25),
(3, '2020-06-30 15:53:34', '2020-06-30 15:53:34', '2020-06-30 15:53:34', 28),
(4, '2020-06-30 15:57:06', '2020-06-30 15:53:45', '2020-06-30 15:53:45', 26),
(5, '2020-06-30 15:55:37', '2020-06-30 15:55:39', '2020-06-30 15:55:39', 31),
(6, '2020-06-30 16:04:20', '2020-06-30 16:04:20', '2020-06-30 16:04:20', 25),
(7, '2020-06-30 16:04:30', '2020-06-30 16:04:31', '2020-06-30 16:04:31', 25),
(8, '2020-06-30 16:04:56', '2020-06-30 16:04:55', '2020-06-30 16:04:55', 25),
(9, '2020-06-30 16:05:22', '2020-06-30 16:05:24', '2020-06-30 16:05:24', 15),
(10, '2020-06-30 16:05:54', '2020-06-30 16:05:54', '2020-06-30 16:05:54', 22),
(11, '2020-06-30 16:06:58', '2020-06-30 16:06:11', '2020-06-30 16:06:11', 23),
(12, '2020-06-30 16:06:14', '2020-06-30 16:06:15', '2020-06-30 16:06:15', 15),
(13, '2020-06-30 16:06:18', '2020-06-30 16:06:18', '2020-06-30 16:06:18', 25),
(14, '2020-06-30 16:06:21', '2020-06-30 16:06:21', '2020-06-30 16:06:21', 22),
(15, '2020-06-30 16:06:33', '2020-06-30 16:06:33', '2020-06-30 16:06:33', 25),
(16, '2020-06-30 16:06:33', '2020-06-30 16:06:35', '2020-06-30 16:06:35', 15),
(17, '2020-06-30 16:06:40', '2020-06-30 16:06:40', '2020-06-30 16:06:40', 30),
(18, '2020-06-30 16:05:43', '2020-06-30 16:06:48', '2020-06-30 16:06:48', 24),
(19, '2020-06-30 16:07:01', '2020-06-30 16:07:00', '2020-06-30 16:07:00', 28),
(20, '2020-06-30 16:07:03', '2020-06-30 16:07:03', '2020-06-30 16:07:03', 17),
(21, '2020-06-30 16:07:55', '2020-06-30 16:07:08', '2020-06-30 16:07:08', 23),
(22, '2020-06-30 16:07:15', '2020-06-30 16:07:15', '2020-06-30 16:07:15', 29),
(23, '2020-06-30 16:07:21', '2020-06-30 16:07:21', '2020-06-30 16:07:21', 13),
(24, '2020-06-30 16:07:26', '2020-06-30 16:07:27', '2020-06-30 16:07:27', 17),
(25, '2020-06-30 16:07:46', '2020-06-30 16:07:45', '2020-06-30 16:07:45', 30),
(26, '2020-06-30 16:08:48', '2020-06-30 16:08:02', '2020-06-30 16:08:02', 23),
(27, '2020-06-30 16:08:15', '2020-06-30 16:08:16', '2020-06-30 16:08:16', 16),
(28, '2020-06-30 16:08:23', '2020-06-30 16:08:24', '2020-06-30 16:08:24', 22),
(29, '2020-06-30 16:08:33', '2020-06-30 16:08:34', '2020-06-30 16:08:34', 9),
(30, '2020-06-30 16:08:51', '2020-06-30 16:08:51', '2020-06-30 16:08:51', 26),
(31, '2020-06-30 16:08:57', '2020-06-30 16:08:58', '2020-06-30 16:08:58', 12),
(32, '2020-06-30 16:09:08', '2020-06-30 16:09:05', '2020-06-30 16:09:05', 13),
(33, '2020-06-30 16:09:27', '2020-06-30 16:09:29', '2020-06-30 16:09:29', 22),
(34, '2020-06-30 16:09:50', '2020-06-30 16:09:49', '2020-06-30 16:09:49', 28),
(35, '2020-06-30 16:32:15', '2020-06-30 16:32:14', '2020-06-30 16:32:14', 6),
(36, '2020-06-30 16:33:49', '2020-06-30 16:33:48', '2020-06-30 16:33:48', 6),
(37, '2020-07-01 07:56:07', '2020-07-01 07:56:06', '2020-07-01 07:56:06', 13),
(38, '2020-07-01 07:56:15', '2020-07-01 07:56:13', '2020-07-01 07:56:13', 13),
(39, '2020-07-01 07:56:28', '2020-07-01 07:56:27', '2020-07-01 07:56:27', 12),
(40, '2020-07-01 07:56:29', '2020-07-01 07:56:28', '2020-07-01 07:56:28', 9),
(41, '2020-07-01 07:56:29', '2020-07-01 07:56:28', '2020-07-01 07:56:28', 7),
(42, '2020-07-01 07:56:34', '2020-07-01 07:56:35', '2020-07-01 07:56:35', 15),
(43, '2020-07-01 07:56:33', '2020-07-01 07:56:35', '2020-07-01 07:56:35', 29),
(44, '2020-07-01 07:57:11', '2020-07-01 07:57:09', '2020-07-01 07:57:09', 22),
(45, '2020-07-01 07:57:11', '2020-07-01 07:57:10', '2020-07-01 07:57:10', 28),
(46, '2020-07-01 07:57:15', '2020-07-01 07:57:13', '2020-07-01 07:57:13', 16),
(47, '2020-07-01 07:57:18', '2020-07-01 07:57:17', '2020-07-01 07:57:17', 27),
(48, '2020-07-01 07:57:49', '2020-07-01 07:57:48', '2020-07-01 07:57:48', 24),
(49, '2020-07-01 07:57:53', '2020-07-01 07:57:54', '2020-07-01 07:57:54', 30),
(50, '2020-07-01 07:58:04', '2020-07-01 07:58:03', '2020-07-01 07:58:03', 8),
(51, '2020-07-01 07:58:16', '2020-07-01 07:58:14', '2020-07-01 07:58:14', 23),
(52, '2020-07-01 08:00:22', '2020-07-01 08:00:21', '2020-07-01 08:00:21', 17),
(53, '2020-07-01 08:03:16', '2020-07-01 08:03:16', '2020-07-01 08:03:16', 25),
(54, '2020-07-01 10:09:42', '2020-07-01 10:09:41', '2020-07-01 10:09:41', 6),
(55, '2020-07-01 12:00:36', '2020-07-01 12:00:35', '2020-07-01 12:00:35', 6),
(56, '2020-07-01 12:01:12', '2020-07-01 12:01:12', '2020-07-01 12:01:12', 8),
(57, '2020-07-01 12:01:37', '2020-07-01 12:01:36', '2020-07-01 12:01:36', 22),
(58, '2020-07-01 12:01:46', '2020-07-01 12:01:45', '2020-07-01 12:01:45', 13),
(59, '2020-07-01 12:02:00', '2020-07-01 12:01:58', '2020-07-01 12:01:58', 24),
(60, '2020-07-01 12:02:06', '2020-07-01 12:02:06', '2020-07-01 12:02:06', 15),
(61, '2020-07-01 12:02:11', '2020-07-01 12:02:13', '2020-07-01 12:02:13', 9),
(62, '2020-07-01 12:03:33', '2020-07-01 12:02:46', '2020-07-01 12:02:46', 23),
(63, '2020-07-01 12:55:25', '2020-07-01 12:54:38', '2020-07-01 12:54:38', 23),
(64, '2020-07-01 12:55:38', '2020-07-01 12:55:38', '2020-07-01 12:55:38', 9),
(65, '2020-07-01 12:55:45', '2020-07-01 12:55:45', '2020-07-01 12:55:45', 8),
(66, '2020-07-01 12:56:11', '2020-07-01 12:56:09', '2020-07-01 12:56:09', 6),
(67, '2020-07-01 12:56:19', '2020-07-01 12:56:20', '2020-07-01 12:56:20', 15),
(68, '2020-07-01 13:00:38', '2020-07-01 13:00:38', '2020-07-01 13:00:38', 22),
(69, '2020-07-01 13:03:31', '2020-07-01 13:03:31', '2020-07-01 13:03:31', 26),
(70, '2020-07-01 13:40:28', '2020-07-01 13:40:26', '2020-07-01 13:40:26', 6),
(71, '2020-07-01 17:02:15', '2020-07-01 17:02:14', '2020-07-01 17:02:14', 12),
(72, '2020-07-01 17:02:21', '2020-07-01 17:02:20', '2020-07-01 17:02:20', 16),
(73, '2020-07-01 17:02:21', '2020-07-01 17:02:21', '2020-07-01 17:02:21', 29),
(74, '2020-07-01 17:02:33', '2020-07-01 17:02:33', '2020-07-01 17:02:33', 8),
(75, '2020-07-01 17:02:52', '2020-07-01 17:02:52', '2020-07-01 17:02:52', 17),
(76, '2020-07-01 17:03:08', '2020-07-01 17:03:09', '2020-07-01 17:03:09', 30),
(77, '2020-07-01 17:06:23', '2020-07-01 17:05:36', '2020-07-01 17:05:36', 23),
(78, '2020-07-01 17:05:16', '2020-07-01 17:06:21', '2020-07-01 17:06:21', 24),
(79, '2020-07-01 17:06:49', '2020-07-01 17:06:49', '2020-07-01 17:06:49', 22),
(80, '2020-07-01 17:06:59', '2020-07-01 17:06:59', '2020-07-01 17:06:59', 13),
(81, '2020-07-01 17:09:20', '2020-07-01 17:09:20', '2020-07-01 17:09:20', 26),
(82, '2020-07-01 17:09:49', '2020-07-01 17:09:49', '2020-07-01 17:09:49', 28),
(83, '2020-07-01 17:16:38', '2020-07-01 17:16:36', '2020-07-01 17:16:36', 6),
(84, '2020-07-01 17:16:37', '2020-07-01 17:16:38', '2020-07-01 17:16:38', 9),
(85, '2020-07-02 07:39:00', '2020-07-02 07:39:01', '2020-07-02 07:39:01', 15),
(86, '2020-07-02 07:39:30', '2020-07-02 07:39:31', '2020-07-02 07:39:31', 29),
(87, '2020-07-02 07:39:33', '2020-07-02 07:39:32', '2020-07-02 07:39:32', 12),
(88, '2020-07-02 07:42:11', '2020-07-02 07:42:10', '2020-07-02 07:42:10', 7),
(89, '2020-07-02 07:50:09', '2020-07-02 07:50:08', '2020-07-02 07:50:08', 16),
(90, '2020-07-02 07:50:21', '2020-07-02 07:50:20', '2020-07-02 07:50:20', 22),
(91, '2020-07-02 07:50:48', '2020-07-02 07:50:47', '2020-07-02 07:50:47', 24),
(92, '2020-07-02 07:51:19', '2020-07-02 07:51:18', '2020-07-02 07:51:18', 13),
(93, '2020-07-02 07:54:22', '2020-07-02 07:54:23', '2020-07-02 07:54:23', 30),
(94, '2020-07-02 07:56:29', '2020-07-02 07:56:29', '2020-07-02 07:56:29', 26),
(95, '2020-07-02 07:57:36', '2020-07-02 07:57:35', '2020-07-02 07:57:35', 25),
(96, '2020-07-02 07:57:47', '2020-07-02 07:57:47', '2020-07-02 07:57:47', 25),
(97, '2020-07-02 07:58:20', '2020-07-02 07:58:20', '2020-07-02 07:58:20', 28),
(98, '2020-07-02 07:58:28', '2020-07-02 07:58:27', '2020-07-02 07:58:27', 17),
(99, '2020-07-02 08:00:35', '2020-07-02 08:00:34', '2020-07-02 08:00:34', 6),
(100, '2020-07-02 08:00:00', '2020-07-02 08:01:07', '2020-07-02 08:09:30', 27),
(101, '2020-07-02 08:29:34', '2020-07-02 08:29:31', '2020-07-02 08:29:31', 8),
(102, '2020-07-02 08:00:00', '2020-07-02 11:17:59', '2020-07-02 11:17:59', 9),
(103, '2020-07-02 12:00:29', '2020-07-02 12:00:26', '2020-07-02 12:00:26', 6),
(104, '2020-07-02 12:00:52', '2020-07-02 12:00:52', '2020-07-02 12:00:52', 8),
(105, '2020-07-02 12:00:55', '2020-07-02 12:00:54', '2020-07-02 12:00:54', 12),
(106, '2020-07-02 12:01:03', '2020-07-02 12:01:03', '2020-07-02 12:01:03', 13),
(107, '2020-07-02 12:01:09', '2020-07-02 12:01:08', '2020-07-02 12:01:08', 22),
(108, '2020-07-02 12:01:08', '2020-07-02 12:01:09', '2020-07-02 12:01:09', 29),
(109, '2020-07-02 12:01:18', '2020-07-02 12:01:20', '2020-07-02 12:01:20', 15),
(110, '2020-07-02 12:01:21', '2020-07-02 12:01:20', '2020-07-02 12:01:20', 7),
(111, '2020-07-02 12:01:35', '2020-07-02 12:01:32', '2020-07-02 12:01:32', 16),
(112, '2020-07-02 12:01:42', '2020-07-02 12:01:41', '2020-07-02 12:01:41', 25),
(113, '2020-07-02 12:01:43', '2020-07-02 12:01:42', '2020-07-02 12:01:42', 17),
(114, '2020-07-02 12:01:48', '2020-07-02 12:01:47', '2020-07-02 12:01:47', 28),
(115, '2020-07-02 12:01:48', '2020-07-02 12:01:48', '2020-07-02 12:01:48', 9),
(116, '2020-07-02 12:02:08', '2020-07-02 12:02:08', '2020-07-02 12:02:08', 26),
(117, '2020-07-02 12:02:13', '2020-07-02 12:02:12', '2020-07-02 12:02:12', 24),
(118, '2020-07-02 12:02:37', '2020-07-02 12:02:39', '2020-07-02 12:02:39', 27),
(119, '2020-07-02 12:46:53', '2020-07-02 12:46:53', '2020-07-02 12:46:53', 17),
(120, '2020-07-02 12:47:31', '2020-07-02 12:47:32', '2020-07-02 12:47:32', 13),
(121, '2020-07-02 12:47:33', '2020-07-02 12:47:33', '2020-07-02 12:47:33', 22),
(122, '2020-07-02 12:47:46', '2020-07-02 12:47:48', '2020-07-02 12:47:48', 30),
(123, '2020-07-02 12:49:28', '2020-07-02 12:49:27', '2020-07-02 12:49:27', 25),
(124, '2020-07-02 12:49:37', '2020-07-02 12:49:37', '2020-07-02 12:49:37', 15),
(125, '2020-07-02 12:49:36', '2020-07-02 12:49:38', '2020-07-02 12:49:38', 27),
(126, '2020-07-02 12:53:27', '2020-07-02 12:53:26', '2020-07-02 12:53:26', 9),
(127, '2020-07-02 12:54:27', '2020-07-02 12:54:27', '2020-07-02 12:54:27', 24),
(128, '2020-07-02 12:54:37', '2020-07-02 12:54:38', '2020-07-02 12:54:38', 29),
(129, '2020-07-02 12:54:41', '2020-07-02 12:54:41', '2020-07-02 12:54:41', 12),
(130, '2020-07-02 12:55:04', '2020-07-02 12:55:01', '2020-07-02 12:55:01', 16),
(131, '2020-07-02 12:55:25', '2020-07-02 12:55:24', '2020-07-02 12:55:24', 28),
(132, '2020-07-02 12:55:37', '2020-07-02 12:55:37', '2020-07-02 12:55:37', 8),
(133, '2020-07-02 12:55:46', '2020-07-02 12:55:44', '2020-07-02 12:55:44', 6),
(134, '2020-07-02 12:57:40', '2020-07-02 12:57:40', '2020-07-02 12:57:40', 7),
(135, '2020-07-02 12:59:24', '2020-07-02 12:59:24', '2020-07-02 12:59:24', 26),
(136, '2020-07-02 17:01:26', '2020-07-02 17:01:27', '2020-07-02 17:01:27', 29),
(137, '2020-07-02 17:01:29', '2020-07-02 17:01:29', '2020-07-02 17:01:29', 17),
(138, '2020-07-02 17:01:45', '2020-07-02 17:01:45', '2020-07-02 17:01:45', 16),
(139, '2020-07-02 17:02:00', '2020-07-02 17:01:59', '2020-07-02 17:01:59', 12),
(140, '2020-07-02 17:02:46', '2020-07-02 17:02:45', '2020-07-02 17:02:45', 28),
(141, '2020-07-02 17:06:49', '2020-07-02 17:03:27', '2020-07-02 17:03:27', 26),
(142, '2020-07-02 17:04:21', '2020-07-02 17:04:22', '2020-07-02 17:04:22', 13),
(143, '2020-07-02 17:04:39', '2020-07-02 17:04:41', '2020-07-02 17:04:41', 30),
(144, '2020-07-02 17:04:47', '2020-07-02 17:04:47', '2020-07-02 17:04:47', 7),
(145, '2020-07-02 17:05:43', '2020-07-02 17:05:43', '2020-07-02 17:05:43', 22),
(146, '2020-07-02 17:05:48', '2020-07-02 17:05:49', '2020-07-02 17:05:49', 15),
(147, '2020-07-02 17:06:08', '2020-07-02 17:06:08', '2020-07-02 17:06:08', 27),
(148, '2020-07-02 17:06:43', '2020-07-02 17:06:43', '2020-07-02 17:06:43', 9),
(149, '2020-07-02 17:08:52', '2020-07-02 17:08:52', '2020-07-02 17:08:52', 24),
(150, '2020-07-02 17:09:01', '2020-07-02 17:09:00', '2020-07-02 17:09:00', 8),
(151, '2020-07-02 17:12:35', '2020-07-02 17:12:35', '2020-07-02 17:12:35', 6),
(152, '2020-07-02 17:15:47', '2020-07-02 17:15:48', '2020-07-02 17:15:48', 25),
(153, '2020-07-03 07:38:03', '2020-07-03 07:38:04', '2020-07-03 07:38:04', 7),
(154, '2020-07-03 07:40:02', '2020-07-03 07:40:02', '2020-07-03 07:40:02', 15),
(155, '2020-07-03 07:40:10', '2020-07-03 07:40:12', '2020-07-03 07:40:12', 29),
(156, '2020-07-03 07:48:36', '2020-07-03 07:48:37', '2020-07-03 07:48:37', 6),
(157, '2020-07-03 07:48:37', '2020-07-03 07:48:37', '2020-07-03 07:48:37', 27),
(158, '2020-07-03 07:48:40', '2020-07-03 07:48:39', '2020-07-03 07:48:39', 22),
(159, '2020-07-03 07:49:16', '2020-07-03 07:49:14', '2020-07-03 07:49:14', 13),
(160, '2020-07-03 07:51:18', '2020-07-03 07:50:30', '2020-07-03 07:50:30', 30),
(161, '2020-07-03 07:50:46', '2020-07-03 07:50:43', '2020-07-03 07:50:43', 28),
(162, '2020-07-03 07:51:37', '2020-07-03 07:50:49', '2020-07-03 07:50:49', 23),
(163, '2020-07-03 07:51:32', '2020-07-03 07:51:30', '2020-07-03 07:51:30', 9),
(164, '2020-07-03 07:53:15', '2020-07-03 07:53:16', '2020-07-03 07:53:16', 8),
(165, '2020-07-03 07:53:40', '2020-07-03 07:53:40', '2020-07-03 07:53:40', 16),
(166, '2020-07-03 07:54:40', '2020-07-03 07:54:38', '2020-07-03 07:54:38', 24),
(167, '2020-07-03 08:01:30', '2020-07-03 08:01:30', '2020-07-03 08:01:30', 17),
(168, '2020-07-03 08:00:00', '2020-07-03 08:01:32', '2020-07-03 08:24:05', 26),
(169, '2020-07-03 08:00:00', '2020-07-03 08:02:15', '2020-07-03 08:38:37', 25),
(170, '2020-07-03 12:00:35', '2020-07-03 12:00:35', '2020-07-03 12:00:35', 30),
(171, '2020-07-03 12:00:51', '2020-07-03 12:00:52', '2020-07-03 12:00:52', 25),
(172, '2020-07-03 12:01:06', '2020-07-03 12:01:06', '2020-07-03 12:01:06', 6),
(173, '2020-07-03 12:01:41', '2020-07-03 12:01:41', '2020-07-03 12:01:41', 8),
(174, '2020-07-03 12:02:05', '2020-07-03 12:02:05', '2020-07-03 12:02:05', 29),
(175, '2020-07-03 12:02:08', '2020-07-03 12:02:06', '2020-07-03 12:02:06', 28),
(176, '2020-07-03 12:02:14', '2020-07-03 12:02:12', '2020-07-03 12:02:12', 22),
(177, '2020-07-03 12:02:14', '2020-07-03 12:02:14', '2020-07-03 12:02:14', 16),
(178, '2020-07-03 12:02:19', '2020-07-03 12:02:19', '2020-07-03 12:02:19', 7),
(179, '2020-07-03 12:02:22', '2020-07-03 12:02:20', '2020-07-03 12:02:20', 9),
(180, '2020-07-03 12:02:28', '2020-07-03 12:02:28', '2020-07-03 12:02:28', 15),
(181, '2020-07-03 12:02:35', '2020-07-03 12:02:35', '2020-07-03 12:02:35', 24),
(182, '2020-07-03 12:02:51', '2020-07-03 12:02:51', '2020-07-03 12:02:51', 26),
(183, '2020-07-03 12:03:08', '2020-07-03 12:03:08', '2020-07-03 12:03:08', 13),
(184, '2020-07-03 12:03:26', '2020-07-03 12:03:26', '2020-07-03 12:03:26', 23),
(185, '2020-07-03 12:04:06', '2020-07-03 12:04:04', '2020-07-03 12:04:04', 17),
(186, '2020-07-03 12:06:33', '2020-07-03 12:05:44', '2020-07-03 12:05:44', 23),
(187, '2020-07-03 12:48:55', '2020-07-03 12:48:56', '2020-07-03 12:48:56', 29),
(188, '2020-07-03 12:49:07', '2020-07-03 12:49:08', '2020-07-03 12:49:08', 17),
(189, '2020-07-03 12:49:19', '2020-07-03 12:49:17', '2020-07-03 12:49:17', 22),
(190, '2020-07-03 12:53:04', '2020-07-03 12:52:16', '2020-07-03 12:52:16', 30),
(191, '2020-07-03 12:53:20', '2020-07-03 12:52:33', '2020-07-03 12:52:33', 23),
(192, '2020-07-03 12:53:09', '2020-07-03 12:53:08', '2020-07-03 12:53:08', 28),
(193, '2020-07-03 12:53:14', '2020-07-03 12:53:14', '2020-07-03 12:53:14', 25),
(194, '2020-07-03 12:53:37', '2020-07-03 12:53:35', '2020-07-03 12:53:35', 13),
(195, '2020-07-03 12:53:52', '2020-07-03 12:53:50', '2020-07-03 12:53:50', 24),
(196, '2020-07-03 12:54:31', '2020-07-03 12:54:30', '2020-07-03 12:54:30', 15),
(197, '2020-07-03 12:54:35', '2020-07-03 12:54:35', '2020-07-03 12:54:35', 9),
(198, '2020-07-03 12:54:55', '2020-07-03 12:54:53', '2020-07-03 12:54:53', 26),
(199, '2020-07-03 12:57:29', '2020-07-03 12:57:28', '2020-07-03 12:57:28', 8),
(200, '2020-07-03 12:57:30', '2020-07-03 12:57:30', '2020-07-03 12:57:30', 6),
(201, '2020-07-03 12:57:55', '2020-07-03 12:57:55', '2020-07-03 12:57:55', 7),
(202, '2020-07-03 12:05:00', '2020-07-03 13:05:20', '2020-07-03 13:12:34', 27),
(203, '2020-07-03 13:00:00', '2020-07-03 13:05:29', '2020-07-03 13:40:15', 27),
(204, '2020-07-03 17:01:16', '2020-07-03 17:01:17', '2020-07-03 17:01:17', 29),
(206, '2020-07-03 17:01:41', '2020-07-03 17:01:42', '2020-07-03 17:01:42', 17),
(207, '2020-07-03 17:03:01', '2020-07-03 17:02:13', '2020-07-03 17:02:13', 30),
(208, '2020-07-03 17:02:45', '2020-07-03 17:02:45', '2020-07-03 17:02:45', 15),
(209, '2020-07-03 17:03:10', '2020-07-03 17:03:10', '2020-07-03 17:03:10', 8),
(210, '2020-07-03 17:03:11', '2020-07-03 17:03:11', '2020-07-03 17:03:11', 13),
(211, '2020-07-03 17:04:27', '2020-07-03 17:03:39', '2020-07-03 17:03:39', 23),
(212, '2020-07-03 17:04:09', '2020-07-03 17:04:09', '2020-07-03 17:04:09', 7),
(213, '2020-07-03 17:04:30', '2020-07-03 17:04:30', '2020-07-03 17:04:30', 22),
(214, '2020-07-03 17:08:42', '2020-07-03 17:05:18', '2020-07-03 17:05:18', 26),
(215, '2020-07-03 17:05:27', '2020-07-03 17:05:27', '2020-07-03 17:05:27', 6),
(216, '2020-07-03 17:06:30', '2020-07-03 17:06:30', '2020-07-03 17:06:30', 28),
(217, '2020-07-03 17:08:12', '2020-07-03 17:08:12', '2020-07-03 17:08:12', 24),
(218, '2020-07-03 17:08:51', '2020-07-03 17:08:52', '2020-07-03 17:08:52', 25),
(219, '2020-07-03 17:09:12', '2020-07-03 17:09:10', '2020-07-03 17:09:10', 9),
(220, '2020-07-03 17:09:44', '2020-07-03 17:09:45', '2020-07-03 17:09:45', 27),
(221, '2020-07-06 07:38:17', '2020-07-06 07:38:12', '2020-07-06 07:38:12', 12),
(222, '2020-07-06 07:38:28', '2020-07-06 07:38:26', '2020-07-06 07:38:26', 7),
(223, '2020-07-06 07:39:26', '2020-07-06 07:39:30', '2020-07-06 07:39:30', 29),
(224, '2020-07-06 07:42:39', '2020-07-06 07:42:38', '2020-07-06 07:42:38', 15),
(225, '2020-07-06 07:46:04', '2020-07-06 07:46:06', '2020-07-06 07:46:06', 30),
(226, '2020-07-06 07:49:27', '2020-07-06 07:49:23', '2020-07-06 07:49:23', 27),
(227, '2020-07-06 07:50:26', '2020-07-06 07:50:22', '2020-07-06 07:50:22', 9),
(228, '2020-07-06 07:54:00', '2020-07-06 07:53:10', '2020-07-06 07:53:10', 23),
(229, '2020-07-06 07:54:20', '2020-07-06 07:54:17', '2020-07-06 07:54:17', 24),
(230, '2020-07-06 07:54:58', '2020-07-06 07:54:54', '2020-07-06 07:54:54', 28),
(231, '2020-07-06 07:56:55', '2020-07-06 07:56:52', '2020-07-06 07:56:52', 25),
(232, '2020-07-06 07:58:27', '2020-07-06 07:58:26', '2020-07-06 07:58:26', 8),
(233, '2020-07-06 07:59:40', '2020-07-06 07:59:34', '2020-07-06 07:59:34', 17),
(234, '2020-07-06 07:59:40', '2020-07-06 07:59:37', '2020-07-06 07:59:37', 22),
(235, '2020-07-06 07:59:52', '2020-07-06 07:59:46', '2020-07-06 07:59:46', 16),
(236, '2020-07-06 08:00:42', '2020-07-06 08:00:39', '2020-07-06 08:00:39', 26),
(237, '2020-07-06 12:01:41', '2020-07-06 12:00:52', '2020-07-06 12:00:52', 23),
(238, '2020-07-06 12:01:04', '2020-07-06 12:01:05', '2020-07-06 12:01:05', 8),
(239, '2020-07-06 12:01:36', '2020-07-06 12:01:36', '2020-07-06 12:01:36', 22),
(240, '2020-07-06 12:01:46', '2020-07-06 12:01:46', '2020-07-06 12:01:46', 30),
(241, '2020-07-06 12:01:51', '2020-07-06 12:01:51', '2020-07-06 12:01:51', 29),
(242, '2020-07-06 12:01:52', '2020-07-06 12:01:52', '2020-07-06 12:01:52', 12),
(243, '2020-07-06 12:02:13', '2020-07-06 12:02:13', '2020-07-06 12:02:13', 17),
(244, '2020-07-06 12:02:40', '2020-07-06 12:02:40', '2020-07-06 12:02:40', 25),
(245, '2020-07-06 12:02:40', '2020-07-06 12:02:40', '2020-07-06 12:02:40', 15),
(246, '2020-07-06 12:02:42', '2020-07-06 12:02:42', '2020-07-06 12:02:42', 28),
(247, '2020-07-06 12:02:44', '2020-07-06 12:02:44', '2020-07-06 12:02:44', 16),
(248, '2020-07-06 12:02:49', '2020-07-06 12:02:49', '2020-07-06 12:02:49', 7),
(249, '2020-07-06 12:06:22', '2020-07-06 12:02:57', '2020-07-06 12:02:57', 26),
(250, '2020-07-06 12:03:03', '2020-07-06 12:03:03', '2020-07-06 12:03:03', 9),
(251, '2020-07-06 12:33:09', '2020-07-06 12:33:09', '2020-07-06 12:33:09', 27),
(252, '2020-07-06 12:47:53', '2020-07-06 12:47:54', '2020-07-06 12:47:54', 30),
(253, '2020-07-06 12:48:00', '2020-07-06 12:48:00', '2020-07-06 12:48:00', 12),
(254, '2020-07-06 12:48:15', '2020-07-06 12:48:15', '2020-07-06 12:48:15', 22),
(255, '2020-07-06 12:48:41', '2020-07-06 12:48:41', '2020-07-06 12:48:41', 28),
(256, '2020-07-06 12:49:04', '2020-07-06 12:49:04', '2020-07-06 12:49:04', 24),
(257, '2020-07-06 12:49:14', '2020-07-06 12:49:13', '2020-07-06 12:49:13', 17),
(258, '2020-07-06 12:52:10', '2020-07-06 12:52:10', '2020-07-06 12:52:10', 25),
(259, '2020-07-06 12:52:34', '2020-07-06 12:52:34', '2020-07-06 12:52:34', 15),
(260, '2020-07-06 12:53:35', '2020-07-06 12:52:46', '2020-07-06 12:52:46', 23),
(261, '2020-07-06 12:53:22', '2020-07-06 12:53:22', '2020-07-06 12:53:22', 9),
(262, '2020-07-06 12:56:57', '2020-07-06 12:53:31', '2020-07-06 12:53:31', 26),
(263, '2020-07-06 12:54:10', '2020-07-06 12:54:10', '2020-07-06 12:54:10', 8),
(264, '2020-07-06 12:55:14', '2020-07-06 12:55:15', '2020-07-06 12:55:15', 29),
(265, '2020-07-06 12:55:56', '2020-07-06 12:55:56', '2020-07-06 12:55:56', 16),
(266, '2020-07-06 17:01:01', '2020-07-06 17:00:12', '2020-07-06 17:00:12', 23),
(267, '2020-07-06 17:01:02', '2020-07-06 17:01:02', '2020-07-06 17:01:02', 30),
(268, '2020-07-06 17:01:09', '2020-07-06 17:01:09', '2020-07-06 17:01:09', 27),
(269, '2020-07-06 17:01:49', '2020-07-06 17:01:49', '2020-07-06 17:01:49', 12),
(270, '2020-07-06 17:03:33', '2020-07-06 17:03:33', '2020-07-06 17:03:33', 29),
(271, '2020-07-06 17:07:05', '2020-07-06 17:03:39', '2020-07-06 17:03:39', 26),
(272, '2020-07-06 17:03:45', '2020-07-06 17:03:45', '2020-07-06 17:03:45', 25),
(273, '2020-07-06 17:04:01', '2020-07-06 17:04:01', '2020-07-06 17:04:01', 17),
(274, '2020-07-06 17:04:17', '2020-07-06 17:04:16', '2020-07-06 17:04:16', 22),
(275, '2020-07-06 17:05:05', '2020-07-06 17:05:05', '2020-07-06 17:05:05', 8),
(276, '2020-07-06 17:05:35', '2020-07-06 17:05:35', '2020-07-06 17:05:35', 24),
(277, '2020-07-06 17:07:14', '2020-07-06 17:07:14', '2020-07-06 17:07:14', 28),
(278, '2020-07-06 17:08:42', '2020-07-06 17:08:42', '2020-07-06 17:08:42', 15),
(279, '2020-07-06 17:08:55', '2020-07-06 17:08:55', '2020-07-06 17:08:55', 9),
(280, '2020-07-07 07:42:02', '2020-07-07 07:42:00', '2020-07-07 07:42:00', 7),
(281, '2020-07-07 07:42:23', '2020-07-07 07:42:21', '2020-07-07 07:42:21', 29),
(282, '2020-07-07 07:42:38', '2020-07-07 07:42:36', '2020-07-07 07:42:36', 12),
(283, '2020-07-07 07:46:17', '2020-07-07 07:46:15', '2020-07-07 07:46:15', 28),
(284, '2020-07-07 07:48:22', '2020-07-07 07:48:22', '2020-07-07 07:48:22', 15),
(285, '2020-07-07 07:50:09', '2020-07-07 07:50:10', '2020-07-07 07:50:10', 30),
(286, '2020-07-07 07:52:59', '2020-07-07 07:52:57', '2020-07-07 07:52:57', 16),
(287, '2020-07-07 07:52:59', '2020-07-07 07:52:59', '2020-07-07 07:52:59', 6),
(288, '2020-07-07 07:53:15', '2020-07-07 07:53:13', '2020-07-07 07:53:13', 22),
(289, '2020-07-07 07:54:28', '2020-07-07 07:54:28', '2020-07-07 07:54:28', 9),
(290, '2020-07-07 07:56:05', '2020-07-07 07:56:05', '2020-07-07 07:56:05', 8),
(291, '2020-07-07 07:56:20', '2020-07-07 07:56:21', '2020-07-07 07:56:21', 24),
(292, '2020-07-07 07:57:29', '2020-07-07 07:57:29', '2020-07-07 07:57:29', 13),
(293, '2020-07-07 07:57:42', '2020-07-07 07:57:42', '2020-07-07 07:57:42', 26),
(294, '2020-07-07 07:57:48', '2020-07-07 07:57:48', '2020-07-07 07:57:48', 27),
(295, '2020-07-07 07:58:30', '2020-07-07 07:58:30', '2020-07-07 07:58:30', 25),
(296, '2020-07-07 08:00:16', '2020-07-07 08:00:15', '2020-07-07 08:00:15', 17),
(297, '2020-07-07 08:11:31', '2020-07-07 08:10:42', '2020-07-07 08:10:42', 23),
(298, '2020-07-07 12:00:09', '2020-07-07 12:00:08', '2020-07-07 12:00:08', 8),
(299, '2020-07-07 12:00:57', '2020-07-07 12:00:08', '2020-07-07 12:00:08', 23),
(300, '2020-07-07 12:00:09', '2020-07-07 12:00:09', '2020-07-07 12:00:09', 30),
(301, '2020-07-07 12:01:21', '2020-07-07 12:01:21', '2020-07-07 12:01:21', 27),
(302, '2020-07-07 12:01:23', '2020-07-07 12:01:24', '2020-07-07 12:01:24', 22),
(303, '2020-07-07 12:01:25', '2020-07-07 12:01:24', '2020-07-07 12:01:24', 12),
(304, '2020-07-07 12:01:30', '2020-07-07 12:01:30', '2020-07-07 12:01:30', 15),
(305, '2020-07-07 12:01:31', '2020-07-07 12:01:31', '2020-07-07 12:01:31', 13),
(306, '2020-07-07 12:01:34', '2020-07-07 12:01:34', '2020-07-07 12:01:34', 29),
(307, '2020-07-07 12:02:27', '2020-07-07 12:01:38', '2020-07-07 12:01:38', 17),
(308, '2020-07-07 12:01:42', '2020-07-07 12:01:42', '2020-07-07 12:01:42', 16),
(309, '2020-07-07 12:01:50', '2020-07-07 12:01:50', '2020-07-07 12:01:50', 25),
(310, '2020-07-07 12:01:52', '2020-07-07 12:01:52', '2020-07-07 12:01:52', 9),
(311, '2020-07-07 12:01:56', '2020-07-07 12:01:56', '2020-07-07 12:01:56', 28),
(312, '2020-07-07 12:01:56', '2020-07-07 12:01:56', '2020-07-07 12:01:56', 7),
(313, '2020-07-07 12:05:24', '2020-07-07 12:01:58', '2020-07-07 12:01:58', 26),
(314, '2020-07-07 12:05:55', '2020-07-07 12:05:56', '2020-07-07 12:05:56', 24),
(315, '2020-07-07 12:10:37', '2020-07-07 12:10:37', '2020-07-07 12:10:37', 6),
(316, '2020-07-07 12:45:57', '2020-07-07 12:45:57', '2020-07-07 12:45:57', 13),
(317, '2020-07-07 12:46:11', '2020-07-07 12:46:11', '2020-07-07 12:46:11', 24),
(318, '2020-07-07 12:47:03', '2020-07-07 12:46:14', '2020-07-07 12:46:14', 23),
(319, '2020-07-07 12:51:49', '2020-07-07 12:51:49', '2020-07-07 12:51:49', 28),
(320, '2020-07-07 12:51:57', '2020-07-07 12:51:56', '2020-07-07 12:51:56', 9),
(321, '2020-07-07 12:52:08', '2020-07-07 12:52:08', '2020-07-07 12:52:08', 22),
(322, '2020-07-07 12:52:10', '2020-07-07 12:52:10', '2020-07-07 12:52:10', 6),
(323, '2020-07-07 12:52:28', '2020-07-07 12:52:28', '2020-07-07 12:52:28', 29),
(324, '2020-07-07 12:52:47', '2020-07-07 12:52:46', '2020-07-07 12:52:46', 16),
(325, '2020-07-07 12:52:57', '2020-07-07 12:52:57', '2020-07-07 12:52:57', 12),
(326, '2020-07-07 12:53:10', '2020-07-07 12:53:10', '2020-07-07 12:53:10', 17),
(327, '2020-07-07 12:53:24', '2020-07-07 12:53:24', '2020-07-07 12:53:24', 25),
(328, '2020-07-07 12:57:41', '2020-07-07 12:54:15', '2020-07-07 12:54:15', 26),
(329, '2020-07-07 12:55:16', '2020-07-07 12:55:15', '2020-07-07 12:55:15', 8),
(330, '2020-07-07 12:55:29', '2020-07-07 12:55:31', '2020-07-07 12:55:31', 27),
(331, '2020-07-07 12:55:38', '2020-07-07 12:55:38', '2020-07-07 12:55:38', 7),
(332, '2020-07-07 12:56:13', '2020-07-07 12:56:13', '2020-07-07 12:56:13', 15),
(333, '2020-07-07 13:00:56', '2020-07-07 13:00:56', '2020-07-07 13:00:56', 30),
(334, '2020-07-07 17:00:46', '2020-07-07 17:00:48', '2020-07-07 17:00:48', 27),
(335, '2020-07-07 17:01:41', '2020-07-07 17:01:41', '2020-07-07 17:01:41', 30),
(336, '2020-07-07 17:01:43', '2020-07-07 17:01:43', '2020-07-07 17:01:43', 12),
(337, '2020-07-07 17:01:51', '2020-07-07 17:01:49', '2020-07-07 17:01:49', 16),
(338, '2020-07-07 17:01:51', '2020-07-07 17:01:51', '2020-07-07 17:01:51', 29),
(339, '2020-07-07 17:01:55', '2020-07-07 17:01:55', '2020-07-07 17:01:55', 17),
(340, '2020-07-07 17:03:54', '2020-07-07 17:03:05', '2020-07-07 17:03:05', 23),
(341, '2020-07-07 17:03:13', '2020-07-07 17:03:13', '2020-07-07 17:03:13', 24),
(342, '2020-07-07 17:04:28', '2020-07-07 17:04:26', '2020-07-07 17:04:26', 8),
(343, '2020-07-07 17:04:48', '2020-07-07 17:04:47', '2020-07-07 17:04:47', 28),
(344, '2020-07-07 17:05:00', '2020-07-07 17:04:59', '2020-07-07 17:04:59', 15),
(345, '2020-07-07 17:05:25', '2020-07-07 17:05:25', '2020-07-07 17:05:25', 22),
(346, '2020-07-07 17:10:04', '2020-07-07 17:06:37', '2020-07-07 17:06:37', 26),
(347, '2020-07-07 17:07:39', '2020-07-07 17:07:39', '2020-07-07 17:07:39', 13),
(348, '2020-07-07 17:11:56', '2020-07-07 17:11:57', '2020-07-07 17:11:57', 25),
(349, '2020-07-07 17:12:47', '2020-07-07 17:12:47', '2020-07-07 17:12:47', 6),
(350, '2020-07-07 17:12:55', '2020-07-07 17:12:55', '2020-07-07 17:12:55', 7),
(351, '2020-07-07 17:14:28', '2020-07-07 17:14:27', '2020-07-07 17:14:27', 9),
(352, '2020-07-08 07:33:24', '2020-07-08 07:33:22', '2020-07-08 07:33:22', 12),
(353, '2020-07-08 07:39:00', '2020-07-08 07:39:01', '2020-07-08 07:39:01', 29),
(354, '2020-07-08 07:41:07', '2020-07-08 07:41:07', '2020-07-08 07:41:07', 7),
(355, '2020-07-08 07:49:14', '2020-07-08 07:49:14', '2020-07-08 07:49:14', 30),
(356, '2020-07-08 07:52:13', '2020-07-08 07:52:11', '2020-07-08 07:52:11', 22),
(357, '2020-07-08 07:52:20', '2020-07-08 07:52:19', '2020-07-08 07:52:19', 15),
(358, '2020-07-08 07:52:19', '2020-07-08 07:52:20', '2020-07-08 07:52:20', 16),
(359, '2020-07-08 07:53:50', '2020-07-08 07:53:50', '2020-07-08 07:53:50', 13),
(360, '2020-07-08 07:56:29', '2020-07-08 07:56:28', '2020-07-08 07:56:28', 6),
(361, '2020-07-08 07:56:40', '2020-07-08 07:56:40', '2020-07-08 07:56:40', 28),
(362, '2020-07-08 07:56:53', '2020-07-08 07:56:52', '2020-07-08 07:56:52', 9),
(363, '2020-07-08 07:57:07', '2020-07-08 07:57:07', '2020-07-08 07:57:07', 27),
(364, '2020-07-08 07:57:50', '2020-07-08 07:57:50', '2020-07-08 07:57:50', 23),
(365, '2020-07-08 07:58:25', '2020-07-08 07:58:24', '2020-07-08 07:58:24', 26),
(366, '2020-07-08 07:58:43', '2020-07-08 07:58:43', '2020-07-08 07:58:43', 25),
(367, '2020-07-08 07:59:13', '2020-07-08 07:59:13', '2020-07-08 07:59:13', 8),
(368, '2020-07-08 08:06:48', '2020-07-08 08:06:46', '2020-07-08 08:06:46', 17),
(369, '2020-07-08 12:00:35', '2020-07-08 12:00:35', '2020-07-08 12:00:35', 8),
(370, '2020-07-08 12:01:00', '2020-07-08 12:01:00', '2020-07-08 12:01:00', 6),
(371, '2020-07-08 12:01:05', '2020-07-08 12:01:03', '2020-07-08 12:01:03', 9),
(372, '2020-07-08 12:01:17', '2020-07-08 12:01:17', '2020-07-08 12:01:17', 15),
(373, '2020-07-08 12:01:18', '2020-07-08 12:01:18', '2020-07-08 12:01:18', 7),
(374, '2020-07-08 12:01:26', '2020-07-08 12:01:24', '2020-07-08 12:01:24', 12),
(375, '2020-07-08 12:01:25', '2020-07-08 12:01:26', '2020-07-08 12:01:26', 27),
(376, '2020-07-08 12:04:59', '2020-07-08 12:01:33', '2020-07-08 12:01:33', 26),
(377, '2020-07-08 12:01:53', '2020-07-08 12:01:53', '2020-07-08 12:01:53', 13),
(378, '2020-07-08 12:02:01', '2020-07-08 12:02:01', '2020-07-08 12:02:01', 28),
(379, '2020-07-08 12:02:32', '2020-07-08 12:02:31', '2020-07-08 12:02:31', 22),
(380, '2020-07-08 12:03:10', '2020-07-08 12:03:10', '2020-07-08 12:03:10', 25),
(381, '2020-07-08 12:03:17', '2020-07-08 12:03:15', '2020-07-08 12:03:15', 16),
(382, '2020-07-08 12:03:15', '2020-07-08 12:03:16', '2020-07-08 12:03:16', 29),
(383, '2020-07-08 12:03:31', '2020-07-08 12:03:29', '2020-07-08 12:03:29', 17),
(384, '2020-07-08 12:04:48', '2020-07-08 12:03:59', '2020-07-08 12:03:59', 23),
(385, '2020-07-08 12:49:50', '2020-07-08 12:49:50', '2020-07-08 12:49:50', 22),
(386, '2020-07-08 12:50:13', '2020-07-08 12:50:13', '2020-07-08 12:50:13', 28),
(387, '2020-07-08 12:51:38', '2020-07-08 12:51:38', '2020-07-08 12:51:38', 25),
(388, '2020-07-08 12:51:44', '2020-07-08 12:51:44', '2020-07-08 12:51:44', 30),
(389, '2020-07-08 12:55:18', '2020-07-08 12:51:51', '2020-07-08 12:51:51', 26),
(390, '2020-07-08 12:51:51', '2020-07-08 12:51:51', '2020-07-08 12:51:51', 13),
(391, '2020-07-08 12:53:08', '2020-07-08 12:53:09', '2020-07-08 12:53:09', 29),
(392, '2020-07-08 12:54:09', '2020-07-08 12:54:08', '2020-07-08 12:54:08', 24),
(393, '2020-07-08 12:54:45', '2020-07-08 12:54:45', '2020-07-08 12:54:45', 8),
(394, '2020-07-08 12:55:14', '2020-07-08 12:55:14', '2020-07-08 12:55:14', 6),
(395, '2020-07-08 12:55:15', '2020-07-08 12:55:17', '2020-07-08 12:55:17', 27),
(396, '2020-07-08 12:56:32', '2020-07-08 12:56:32', '2020-07-08 12:56:32', 7),
(397, '2020-07-08 12:59:06', '2020-07-08 12:59:05', '2020-07-08 12:59:05', 15),
(398, '2020-07-08 12:59:25', '2020-07-08 12:59:25', '2020-07-08 12:59:25', 16),
(399, '2020-07-08 12:59:29', '2020-07-08 12:59:29', '2020-07-08 12:59:29', 12),
(400, '2020-07-08 12:59:54', '2020-07-08 12:59:54', '2020-07-08 12:59:54', 17),
(401, '2020-07-08 13:00:56', '2020-07-08 13:00:07', '2020-07-08 13:00:07', 23),
(402, '2020-07-08 17:01:07', '2020-07-08 17:01:07', '2020-07-08 17:01:07', 30),
(403, '2020-07-08 17:01:34', '2020-07-08 17:01:36', '2020-07-08 17:01:36', 24),
(404, '2020-07-08 17:01:40', '2020-07-08 17:01:40', '2020-07-08 17:01:40', 17),
(405, '2020-07-08 17:01:52', '2020-07-08 17:01:52', '2020-07-08 17:01:52', 12),
(406, '2020-07-08 17:02:03', '2020-07-08 17:02:03', '2020-07-08 17:02:03', 8),
(407, '2020-07-08 17:05:37', '2020-07-08 17:02:10', '2020-07-08 17:02:10', 26),
(408, '2020-07-08 17:02:26', '2020-07-08 17:02:26', '2020-07-08 17:02:26', 29),
(409, '2020-07-08 17:02:53', '2020-07-08 17:02:52', '2020-07-08 17:02:52', 22),
(410, '2020-07-08 17:02:59', '2020-07-08 17:02:59', '2020-07-08 17:02:59', 28),
(411, '2020-07-08 17:03:09', '2020-07-08 17:03:09', '2020-07-08 17:03:09', 27),
(412, '2020-07-08 17:04:16', '2020-07-08 17:03:26', '2020-07-08 17:03:26', 23),
(413, '2020-07-08 17:04:25', '2020-07-08 17:04:24', '2020-07-08 17:04:24', 13),
(414, '2020-07-08 17:05:26', '2020-07-08 17:05:25', '2020-07-08 17:05:25', 15),
(415, '2020-07-08 17:06:18', '2020-07-08 17:06:17', '2020-07-08 17:06:17', 7),
(416, '2020-07-08 17:09:43', '2020-07-08 17:09:43', '2020-07-08 17:09:43', 6),
(417, '2020-07-08 17:13:55', '2020-07-08 17:13:54', '2020-07-08 17:13:54', 9),
(418, '2020-07-09 07:46:40', '2020-07-09 07:46:41', '2020-07-09 07:46:41', 30),
(419, '2020-07-09 07:47:56', '2020-07-09 07:47:55', '2020-07-09 07:47:55', 24),
(420, '2020-07-09 07:47:56', '2020-07-09 07:47:58', '2020-07-09 07:47:58', 16),
(421, '2020-07-09 07:48:14', '2020-07-09 07:48:13', '2020-07-09 07:48:13', 22),
(422, '2020-07-09 07:48:22', '2020-07-09 07:48:23', '2020-07-09 07:48:23', 29),
(423, '2020-07-09 07:48:26', '2020-07-09 07:48:24', '2020-07-09 07:48:24', 15),
(424, '2020-07-09 07:48:42', '2020-07-09 07:48:41', '2020-07-09 07:48:41', 26),
(425, '2020-07-09 07:48:47', '2020-07-09 07:48:46', '2020-07-09 07:48:46', 7),
(426, '2020-07-09 07:48:56', '2020-07-09 07:48:56', '2020-07-09 07:48:56', 28),
(427, '2020-07-09 07:52:02', '2020-07-09 07:52:00', '2020-07-09 07:52:00', 13),
(428, '2020-07-09 07:52:32', '2020-07-09 07:52:32', '2020-07-09 07:52:32', 6),
(429, '2020-07-09 07:52:59', '2020-07-09 07:52:58', '2020-07-09 07:52:58', 9),
(430, '2020-07-09 07:53:56', '2020-07-09 07:53:55', '2020-07-09 07:53:55', 27),
(431, '2020-07-09 07:54:03', '2020-07-09 07:54:04', '2020-07-09 07:54:04', 12),
(432, '2020-07-09 07:57:24', '2020-07-09 07:56:34', '2020-07-09 07:56:34', 23),
(433, '2020-07-09 07:57:46', '2020-07-09 07:57:45', '2020-07-09 07:57:45', 8),
(434, '2020-07-09 07:58:07', '2020-07-09 07:58:05', '2020-07-09 07:58:05', 25),
(435, '2020-07-09 08:00:53', '2020-07-09 08:00:53', '2020-07-09 08:00:53', 17),
(437, '2020-07-09 12:01:18', '2020-07-09 12:00:28', '2020-07-09 12:00:28', 23),
(438, '2020-07-09 12:00:52', '2020-07-09 12:00:52', '2020-07-09 12:00:52', 12),
(439, '2020-07-09 12:01:14', '2020-07-09 12:01:13', '2020-07-09 12:01:13', 17),
(440, '2020-07-09 12:01:30', '2020-07-09 12:01:28', '2020-07-09 12:01:28', 22),
(441, '2020-07-09 12:01:41', '2020-07-09 12:01:39', '2020-07-09 12:01:39', 16),
(442, '2020-07-09 12:01:40', '2020-07-09 12:01:39', '2020-07-09 12:01:39', 28),
(443, '2020-07-09 12:01:47', '2020-07-09 12:01:46', '2020-07-09 12:01:46', 7),
(444, '2020-07-09 12:01:47', '2020-07-09 12:01:47', '2020-07-09 12:01:47', 6),
(445, '2020-07-09 12:01:47', '2020-07-09 12:01:48', '2020-07-09 12:01:48', 30),
(446, '2020-07-09 12:01:52', '2020-07-09 12:01:52', '2020-07-09 12:01:52', 25),
(447, '2020-07-09 12:01:58', '2020-07-09 12:01:59', '2020-07-09 12:01:59', 8),
(448, '2020-07-09 12:02:00', '2020-07-09 12:02:01', '2020-07-09 12:02:01', 29),
(449, '2020-07-09 12:02:15', '2020-07-09 12:02:13', '2020-07-09 12:02:13', 9),
(450, '2020-07-09 12:02:36', '2020-07-09 12:02:34', '2020-07-09 12:02:34', 15),
(451, '2020-07-09 12:02:42', '2020-07-09 12:02:41', '2020-07-09 12:02:41', 13),
(452, '2020-07-09 12:03:00', '2020-07-09 12:03:00', '2020-07-09 12:03:00', 24),
(453, '2020-07-09 12:03:06', '2020-07-09 12:03:06', '2020-07-09 12:03:06', 27),
(454, '2020-07-09 12:06:41', '2020-07-09 12:03:13', '2020-07-09 12:03:13', 26),
(455, '2020-07-09 12:47:56', '2020-07-09 12:47:56', '2020-07-09 12:47:56', 13),
(456, '2020-07-09 12:48:06', '2020-07-09 12:48:06', '2020-07-09 12:48:06', 25),
(457, '2020-07-09 12:48:07', '2020-07-09 12:48:07', '2020-07-09 12:48:07', 24),
(458, '2020-07-09 12:53:17', '2020-07-09 12:49:49', '2020-07-09 12:49:49', 26),
(459, '2020-07-09 12:50:54', '2020-07-09 12:50:55', '2020-07-09 12:50:55', 29),
(460, '2020-07-09 12:50:59', '2020-07-09 12:50:59', '2020-07-09 12:50:59', 15),
(461, '2020-07-09 12:51:11', '2020-07-09 12:51:11', '2020-07-09 12:51:11', 17),
(462, '2020-07-09 12:51:13', '2020-07-09 12:51:11', '2020-07-09 12:51:11', 22),
(463, '2020-07-09 12:51:23', '2020-07-09 12:51:22', '2020-07-09 12:51:22', 12),
(464, '2020-07-09 12:54:42', '2020-07-09 12:54:42', '2020-07-09 12:54:42', 16),
(465, '2020-07-09 12:54:52', '2020-07-09 12:54:53', '2020-07-09 12:54:53', 30),
(466, '2020-07-09 12:55:13', '2020-07-09 12:55:14', '2020-07-09 12:55:14', 8),
(467, '2020-07-09 12:55:32', '2020-07-09 12:55:33', '2020-07-09 12:55:33', 27),
(468, '2020-07-09 12:55:46', '2020-07-09 12:55:44', '2020-07-09 12:55:44', 9),
(469, '2020-07-09 12:56:32', '2020-07-09 12:56:32', '2020-07-09 12:56:32', 28),
(470, '2020-07-09 13:00:54', '2020-07-09 13:00:04', '2020-07-09 13:00:04', 23),
(471, '2020-07-09 13:00:59', '2020-07-09 13:00:58', '2020-07-09 13:00:58', 6),
(472, '2020-07-09 13:00:00', '2020-07-09 13:01:10', '2020-07-09 13:01:52', 7),
(473, '2020-07-09 13:31:46', '2020-07-09 13:30:56', '2020-07-09 13:30:56', 23),
(474, '2020-07-09 17:00:50', '2020-07-09 17:00:50', '2020-07-09 17:00:50', 8),
(475, '2020-07-09 17:01:32', '2020-07-09 17:01:32', '2020-07-09 17:01:32', 24),
(476, '2020-07-09 17:03:18', '2020-07-09 17:03:17', '2020-07-09 17:03:17', 28),
(477, '2020-07-09 17:03:43', '2020-07-09 17:03:42', '2020-07-09 17:03:42', 12),
(478, '2020-07-09 17:03:59', '2020-07-09 17:03:59', '2020-07-09 17:03:59', 15),
(479, '2020-07-09 17:04:06', '2020-07-09 17:04:05', '2020-07-09 17:04:05', 17),
(480, '2020-07-09 17:04:12', '2020-07-09 17:04:12', '2020-07-09 17:04:12', 9),
(481, '2020-07-09 17:04:33', '2020-07-09 17:04:33', '2020-07-09 17:04:33', 13),
(482, '2020-07-09 17:08:16', '2020-07-09 17:04:48', '2020-07-09 17:04:48', 26),
(483, '2020-07-09 17:05:07', '2020-07-09 17:05:06', '2020-07-09 17:05:06', 16),
(484, '2020-07-09 17:05:07', '2020-07-09 17:05:08', '2020-07-09 17:05:08', 27),
(485, '2020-07-09 17:05:21', '2020-07-09 17:05:21', '2020-07-09 17:05:21', 29),
(486, '2020-07-09 17:06:30', '2020-07-09 17:06:30', '2020-07-09 17:06:30', 22),
(487, '2020-07-09 17:07:16', '2020-07-09 17:07:16', '2020-07-09 17:07:16', 6),
(488, '2020-07-09 17:07:31', '2020-07-09 17:07:31', '2020-07-09 17:07:31', 30),
(489, '2020-07-09 17:08:02', '2020-07-09 17:08:03', '2020-07-09 17:08:03', 25),
(490, '2020-07-09 17:08:23', '2020-07-09 17:08:23', '2020-07-09 17:08:23', 7),
(491, '2020-07-09 18:26:55', '2020-07-09 18:26:55', '2020-07-09 18:26:55', 25),
(492, '2020-07-10 07:44:46', '2020-07-10 07:44:45', '2020-07-10 07:44:45', 7),
(493, '2020-07-10 07:45:09', '2020-07-10 07:45:08', '2020-07-10 07:45:08', 15),
(494, '2020-07-10 07:48:03', '2020-07-10 07:48:03', '2020-07-10 07:48:03', 29),
(495, '2020-07-10 07:49:38', '2020-07-10 07:49:37', '2020-07-10 07:49:37', 13),
(496, '2020-07-10 07:50:20', '2020-07-10 07:50:20', '2020-07-10 07:50:20', 24),
(497, '2020-07-10 07:50:38', '2020-07-10 07:50:37', '2020-07-10 07:50:37', 22),
(498, '2020-07-10 07:51:36', '2020-07-10 07:51:34', '2020-07-10 07:51:34', 28),
(499, '2020-07-10 07:51:55', '2020-07-10 07:51:55', '2020-07-10 07:51:55', 12),
(500, '2020-07-10 07:52:18', '2020-07-10 07:52:20', '2020-07-10 07:52:20', 30),
(501, '2020-07-10 07:52:47', '2020-07-10 07:52:47', '2020-07-10 07:52:47', 16),
(502, '2020-07-10 07:55:59', '2020-07-10 07:55:59', '2020-07-10 07:55:59', 27),
(503, '2020-07-10 07:59:03', '2020-07-10 07:59:03', '2020-07-10 07:59:03', 17),
(504, '2020-07-10 07:59:14', '2020-07-10 07:59:12', '2020-07-10 07:59:12', 26),
(505, '2020-07-10 07:59:22', '2020-07-10 07:59:21', '2020-07-10 07:59:21', 9),
(506, '2020-07-10 07:59:33', '2020-07-10 07:59:32', '2020-07-10 07:59:32', 6),
(507, '2020-07-10 08:00:02', '2020-07-10 08:00:01', '2020-07-10 08:00:01', 25),
(508, '2020-07-10 08:02:26', '2020-07-10 08:01:43', '2020-07-10 08:01:43', 23),
(509, '2020-07-10 09:25:26', '2020-07-10 09:25:26', '2020-07-10 09:25:26', 8),
(510, '2020-07-10 12:00:52', '2020-07-10 12:00:02', '2020-07-10 12:00:02', 23),
(511, '2020-07-10 12:01:00', '2020-07-10 12:01:02', '2020-07-10 12:01:02', 30),
(512, '2020-07-10 12:01:17', '2020-07-10 12:01:15', '2020-07-10 12:01:15', 16),
(513, '2020-07-10 12:01:16', '2020-07-10 12:01:17', '2020-07-10 12:01:17', 25),
(514, '2020-07-10 12:01:27', '2020-07-10 12:01:27', '2020-07-10 12:01:27', 29),
(515, '2020-07-10 12:01:36', '2020-07-10 12:01:34', '2020-07-10 12:01:34', 12),
(516, '2020-07-10 12:01:50', '2020-07-10 12:01:48', '2020-07-10 12:01:48', 17),
(517, '2020-07-10 12:01:49', '2020-07-10 12:01:48', '2020-07-10 12:01:48', 9),
(518, '2020-07-10 12:01:56', '2020-07-10 12:01:55', '2020-07-10 12:01:55', 15),
(519, '2020-07-10 12:02:01', '2020-07-10 12:01:59', '2020-07-10 12:01:59', 28),
(520, '2020-07-10 12:02:02', '2020-07-10 12:02:03', '2020-07-10 12:02:03', 8),
(521, '2020-07-10 12:02:06', '2020-07-10 12:02:05', '2020-07-10 12:02:05', 7),
(522, '2020-07-10 12:02:10', '2020-07-10 12:02:08', '2020-07-10 12:02:08', 6),
(523, '2020-07-10 12:02:08', '2020-07-10 12:02:08', '2020-07-10 12:02:08', 13),
(524, '2020-07-10 12:02:13', '2020-07-10 12:02:13', '2020-07-10 12:02:13', 24),
(525, '2020-07-10 12:02:20', '2020-07-10 12:02:22', '2020-07-10 12:02:22', 27),
(526, '2020-07-10 12:02:23', '2020-07-10 12:02:23', '2020-07-10 12:02:23', 22),
(527, '2020-07-10 12:06:05', '2020-07-10 12:02:36', '2020-07-10 12:02:36', 26),
(528, '2020-07-10 12:49:20', '2020-07-10 12:49:18', '2020-07-10 12:49:18', 28),
(529, '2020-07-10 12:49:44', '2020-07-10 12:49:42', '2020-07-10 12:49:42', 22),
(530, '2020-07-10 12:53:17', '2020-07-10 12:49:49', '2020-07-10 12:49:49', 26),
(531, '2020-07-10 12:50:03', '2020-07-10 12:50:01', '2020-07-10 12:50:01', 28),
(532, '2020-07-10 12:50:15', '2020-07-10 12:50:16', '2020-07-10 12:50:16', 29),
(533, '2020-07-10 12:50:33', '2020-07-10 12:50:33', '2020-07-10 12:50:33', 7),
(534, '2020-07-10 12:50:39', '2020-07-10 12:50:39', '2020-07-10 12:50:39', 9),
(535, '2020-07-10 12:50:44', '2020-07-10 12:50:41', '2020-07-10 12:50:41', 16),
(536, '2020-07-10 12:50:46', '2020-07-10 12:50:44', '2020-07-10 12:50:44', 12),
(537, '2020-07-10 12:55:16', '2020-07-10 12:55:14', '2020-07-10 12:55:14', 17),
(538, '2020-07-10 12:55:15', '2020-07-10 12:55:18', '2020-07-10 12:55:18', 27),
(539, '2020-07-10 12:55:20', '2020-07-10 12:55:19', '2020-07-10 12:55:19', 15),
(540, '2020-07-10 12:56:27', '2020-07-10 12:55:37', '2020-07-10 12:55:37', 23),
(541, '2020-07-10 12:55:40', '2020-07-10 12:55:41', '2020-07-10 12:55:41', 30),
(542, '2020-07-10 12:55:43', '2020-07-10 12:55:43', '2020-07-10 12:55:43', 24),
(543, '2020-07-10 12:55:44', '2020-07-10 12:55:43', '2020-07-10 12:55:43', 22),
(544, '2020-07-10 12:56:34', '2020-07-10 12:56:35', '2020-07-10 12:56:35', 8),
(545, '2020-07-10 12:56:47', '2020-07-10 12:56:45', '2020-07-10 12:56:45', 6),
(546, '2020-07-10 17:01:24', '2020-07-10 17:00:33', '2020-07-10 17:00:33', 23),
(547, '2020-07-10 17:00:51', '2020-07-10 17:00:51', '2020-07-10 17:00:51', 8),
(548, '2020-07-10 17:01:05', '2020-07-10 17:01:05', '2020-07-10 17:01:05', 28),
(549, '2020-07-10 17:01:17', '2020-07-10 17:01:16', '2020-07-10 17:01:16', 22),
(550, '2020-07-10 17:01:23', '2020-07-10 17:01:22', '2020-07-10 17:01:22', 17),
(551, '2020-07-10 17:01:29', '2020-07-10 17:01:29', '2020-07-10 17:01:29', 16),
(552, '2020-07-10 17:01:33', '2020-07-10 17:01:33', '2020-07-10 17:01:33', 25),
(553, '2020-07-10 17:01:39', '2020-07-10 17:01:38', '2020-07-10 17:01:38', 12),
(554, '2020-07-10 17:01:58', '2020-07-10 17:01:59', '2020-07-10 17:01:59', 29),
(555, '2020-07-10 17:02:05', '2020-07-10 17:02:09', '2020-07-10 17:02:09', 27),
(556, '2020-07-10 17:02:17', '2020-07-10 17:02:17', '2020-07-10 17:02:17', 7),
(557, '2020-07-10 17:02:32', '2020-07-10 17:02:32', '2020-07-10 17:02:32', 24),
(558, '2020-07-10 17:02:49', '2020-07-10 17:02:50', '2020-07-10 17:02:50', 30),
(559, '2020-07-10 17:02:59', '2020-07-10 17:02:59', '2020-07-10 17:02:59', 6),
(560, '2020-07-10 17:03:08', '2020-07-10 17:03:08', '2020-07-10 17:03:08', 13),
(561, '2020-07-10 17:07:25', '2020-07-10 17:03:57', '2020-07-10 17:03:57', 26),
(562, '2020-07-10 17:04:32', '2020-07-10 17:04:32', '2020-07-10 17:04:32', 15),
(563, '2020-07-10 17:07:02', '2020-07-10 17:07:02', '2020-07-10 17:07:02', 9),
(564, '2020-07-13 07:39:11', '2020-07-13 07:39:09', '2020-07-13 07:39:09', 7),
(565, '2020-07-13 07:40:20', '2020-07-13 07:40:14', '2020-07-13 07:40:14', 12),
(566, '2020-07-13 07:42:18', '2020-07-13 07:42:22', '2020-07-13 07:42:22', 29),
(567, '2020-07-13 07:49:56', '2020-07-13 07:49:53', '2020-07-13 07:49:53', 15),
(568, '2020-07-13 07:50:16', '2020-07-13 07:50:13', '2020-07-13 07:50:13', 22),
(569, '2020-07-13 07:50:35', '2020-07-13 07:50:30', '2020-07-13 07:50:30', 16),
(570, '2020-07-13 07:50:39', '2020-07-13 07:50:36', '2020-07-13 07:50:36', 24),
(571, '2020-07-13 07:50:42', '2020-07-13 07:50:46', '2020-07-13 07:50:46', 30),
(572, '2020-07-13 07:50:59', '2020-07-13 07:50:56', '2020-07-13 07:50:56', 13),
(573, '2020-07-13 07:53:24', '2020-07-13 07:53:21', '2020-07-13 07:53:21', 27),
(574, '2020-07-13 07:56:08', '2020-07-13 07:56:05', '2020-07-13 07:56:05', 28),
(575, '2020-07-13 07:57:18', '2020-07-13 07:57:15', '2020-07-13 07:57:15', 8),
(576, '2020-07-13 07:59:00', '2020-07-13 07:58:08', '2020-07-13 07:58:08', 23),
(577, '2020-07-13 07:58:31', '2020-07-13 07:58:26', '2020-07-13 07:58:26', 17),
(578, '2020-07-13 07:58:31', '2020-07-13 07:58:28', '2020-07-13 07:58:28', 9),
(579, '2020-07-13 07:58:47', '2020-07-13 07:58:44', '2020-07-13 07:58:44', 6),
(580, '2020-07-13 07:58:48', '2020-07-13 07:58:48', '2020-07-13 07:58:48', 25),
(581, '2020-07-13 08:00:30', '2020-07-13 08:00:26', '2020-07-13 08:00:26', 26),
(582, '2020-07-13 12:01:02', '2020-07-13 12:01:01', '2020-07-13 12:01:01', 30),
(583, '2020-07-13 12:01:47', '2020-07-13 12:01:47', '2020-07-13 12:01:47', 12),
(584, '2020-07-13 12:02:03', '2020-07-13 12:02:03', '2020-07-13 12:02:03', 7),
(585, '2020-07-13 12:02:05', '2020-07-13 12:02:05', '2020-07-13 12:02:05', 29),
(586, '2020-07-13 12:02:08', '2020-07-13 12:02:08', '2020-07-13 12:02:08', 17),
(587, '2020-07-13 12:05:41', '2020-07-13 12:02:09', '2020-07-13 12:02:09', 26),
(588, '2020-07-13 12:02:15', '2020-07-13 12:02:14', '2020-07-13 12:02:14', 8),
(589, '2020-07-13 12:02:19', '2020-07-13 12:02:19', '2020-07-13 12:02:19', 16),
(590, '2020-07-13 12:02:27', '2020-07-13 12:02:29', '2020-07-13 12:02:29', 25),
(591, '2020-07-13 12:02:30', '2020-07-13 12:02:30', '2020-07-13 12:02:30', 28),
(592, '2020-07-13 12:02:36', '2020-07-13 12:02:37', '2020-07-13 12:02:37', 6),
(593, '2020-07-13 12:04:42', '2020-07-13 12:02:47', '2020-07-13 12:02:47', 24),
(594, '2020-07-13 12:02:58', '2020-07-13 12:02:58', '2020-07-13 12:02:58', 13),
(595, '2020-07-13 12:02:59', '2020-07-13 12:02:59', '2020-07-13 12:02:59', 22),
(596, '2020-07-13 12:03:54', '2020-07-13 12:03:02', '2020-07-13 12:03:02', 23),
(597, '2020-07-13 12:05:48', '2020-07-13 12:05:48', '2020-07-13 12:05:48', 15),
(598, '2020-07-13 12:45:42', '2020-07-13 12:45:41', '2020-07-13 12:45:41', 28),
(599, '2020-07-13 12:46:18', '2020-07-13 12:46:18', '2020-07-13 12:46:18', 12),
(600, '2020-07-13 12:46:26', '2020-07-13 12:46:26', '2020-07-13 12:46:26', 9),
(601, '2020-07-13 12:46:27', '2020-07-13 12:46:27', '2020-07-13 12:46:27', 17),
(602, '2020-07-13 12:00:00', '2020-07-13 12:46:34', '2020-07-13 12:55:21', 9),
(603, '2020-07-13 12:48:46', '2020-07-13 12:48:46', '2020-07-13 12:48:46', 15),
(604, '2020-07-13 12:48:48', '2020-07-13 12:48:47', '2020-07-13 12:48:47', 7),
(605, '2020-07-13 12:51:00', '2020-07-13 12:51:00', '2020-07-13 12:51:00', 8),
(606, '2020-07-13 12:51:10', '2020-07-13 12:51:09', '2020-07-13 12:51:09', 30),
(607, '2020-07-13 12:52:43', '2020-07-13 12:51:52', '2020-07-13 12:51:52', 23),
(608, '2020-07-13 12:53:32', '2020-07-13 12:53:33', '2020-07-13 12:53:33', 9),
(609, '2020-07-13 12:54:41', '2020-07-13 12:54:41', '2020-07-13 12:54:41', 13),
(610, '2020-07-13 12:55:00', '2020-07-13 12:55:00', '2020-07-13 12:55:00', 22),
(611, '2020-07-13 12:55:05', '2020-07-13 12:55:06', '2020-07-13 12:55:06', 6),
(612, '2020-07-13 12:55:15', '2020-07-13 12:55:15', '2020-07-13 12:55:15', 29),
(613, '2020-07-13 12:55:26', '2020-07-13 12:55:26', '2020-07-13 12:55:26', 16),
(614, '2020-07-13 13:00:51', '2020-07-13 13:00:50', '2020-07-13 13:00:50', 26),
(615, '2020-07-13 13:28:00', '2020-07-13 14:18:10', '2020-07-13 16:30:42', 24),
(616, '2020-07-13 17:01:08', '2020-07-13 17:01:07', '2020-07-13 17:01:07', 8),
(617, '2020-07-13 17:01:31', '2020-07-13 17:01:30', '2020-07-13 17:01:30', 28),
(618, '2020-07-13 17:01:45', '2020-07-13 17:01:45', '2020-07-13 17:01:45', 29),
(619, '2020-07-13 17:02:38', '2020-07-13 17:02:38', '2020-07-13 17:02:38', 30),
(620, '2020-07-13 17:02:59', '2020-07-13 17:02:59', '2020-07-13 17:02:59', 12),
(621, '2020-07-13 17:03:10', '2020-07-13 17:03:10', '2020-07-13 17:03:10', 17),
(622, '2020-07-13 17:03:39', '2020-07-13 17:03:39', '2020-07-13 17:03:39', 13),
(623, '2020-07-13 17:04:25', '2020-07-13 17:04:24', '2020-07-13 17:04:24', 7),
(624, '2020-07-13 17:04:35', '2020-07-13 17:04:35', '2020-07-13 17:04:35', 13),
(625, '2020-07-13 17:08:12', '2020-07-13 17:04:41', '2020-07-13 17:04:41', 26),
(626, '2020-07-13 17:05:42', '2020-07-13 17:04:50', '2020-07-13 17:04:50', 24),
(627, '2020-07-13 17:05:10', '2020-07-13 17:05:10', '2020-07-13 17:05:10', 15),
(628, '2020-07-13 17:06:15', '2020-07-13 17:05:23', '2020-07-13 17:05:23', 23),
(629, '2020-07-13 17:05:26', '2020-07-13 17:05:26', '2020-07-13 17:05:26', 22),
(630, '2020-07-13 17:06:30', '2020-07-13 17:06:30', '2020-07-13 17:06:30', 27),
(631, '2020-07-13 17:06:43', '2020-07-13 17:06:43', '2020-07-13 17:06:43', 9),
(632, '2020-07-13 17:06:46', '2020-07-13 17:06:46', '2020-07-13 17:06:46', 25),
(633, '2020-07-13 17:07:04', '2020-07-13 17:07:03', '2020-07-13 17:07:03', 16),
(634, '2020-07-13 17:08:10', '2020-07-13 17:08:11', '2020-07-13 17:08:11', 6),
(635, '2020-07-14 07:43:11', '2020-07-14 07:43:09', '2020-07-14 07:43:09', 12),
(636, '2020-07-14 07:44:42', '2020-07-14 07:44:41', '2020-07-14 07:44:41', 15),
(637, '2020-07-14 07:45:08', '2020-07-14 07:45:09', '2020-07-14 07:45:09', 29),
(638, '2020-07-14 07:45:26', '2020-07-14 07:45:28', '2020-07-14 07:45:28', 30),
(639, '2020-07-14 07:46:39', '2020-07-14 07:46:38', '2020-07-14 07:46:38', 7),
(640, '2020-07-14 07:48:34', '2020-07-14 07:48:35', '2020-07-14 07:48:35', 16),
(641, '2020-07-14 07:49:52', '2020-07-14 07:49:51', '2020-07-14 07:49:51', 28),
(642, '2020-07-14 07:50:02', '2020-07-14 07:50:01', '2020-07-14 07:50:01', 27),
(643, '2020-07-14 07:50:25', '2020-07-14 07:50:24', '2020-07-14 07:50:24', 9),
(644, '2020-07-14 07:50:48', '2020-07-14 07:50:48', '2020-07-14 07:50:48', 22);
INSERT INTO `attendances` (`id`, `recordedDateTime`, `createdAt`, `updatedAt`, `employeeId`) VALUES
(645, '2020-07-14 07:51:05', '2020-07-14 07:51:04', '2020-07-14 07:51:04', 24),
(646, '2020-07-14 07:51:27', '2020-07-14 07:51:26', '2020-07-14 07:51:26', 23),
(647, '2020-07-14 07:51:50', '2020-07-14 07:51:49', '2020-07-14 07:51:49', 13),
(648, '2020-07-14 07:54:16', '2020-07-14 07:54:15', '2020-07-14 07:54:15', 17),
(649, '2020-07-14 07:59:31', '2020-07-14 07:55:59', '2020-07-14 07:55:59', 26),
(650, '2020-07-14 08:00:43', '2020-07-14 08:00:43', '2020-07-14 08:00:43', 25),
(651, '2020-07-14 09:25:13', '2020-07-14 09:25:11', '2020-07-14 09:25:11', 8),
(652, '2020-07-14 12:00:46', '2020-07-14 12:00:46', '2020-07-14 12:00:46', 30),
(653, '2020-07-14 12:01:01', '2020-07-14 12:01:01', '2020-07-14 12:01:01', 7),
(654, '2020-07-14 12:01:07', '2020-07-14 12:01:06', '2020-07-14 12:01:06', 9),
(655, '2020-07-14 12:03:06', '2020-07-14 12:01:11', '2020-07-14 12:01:11', 24),
(656, '2020-07-14 12:01:11', '2020-07-14 12:01:11', '2020-07-14 12:01:11', 28),
(657, '2020-07-14 12:01:16', '2020-07-14 12:01:15', '2020-07-14 12:01:15', 15),
(658, '2020-07-14 12:01:15', '2020-07-14 12:01:17', '2020-07-14 12:01:17', 27),
(659, '2020-07-14 12:01:21', '2020-07-14 12:01:19', '2020-07-14 12:01:19', 12),
(660, '2020-07-14 12:01:20', '2020-07-14 12:01:20', '2020-07-14 12:01:20', 16),
(661, '2020-07-14 12:01:36', '2020-07-14 12:01:35', '2020-07-14 12:01:35', 17),
(662, '2020-07-14 12:05:30', '2020-07-14 12:01:58', '2020-07-14 12:01:58', 26),
(663, '2020-07-14 12:02:48', '2020-07-14 12:02:48', '2020-07-14 12:02:48', 29),
(664, '2020-07-14 12:02:54', '2020-07-14 12:02:54', '2020-07-14 12:02:54', 22),
(665, '2020-07-14 12:03:00', '2020-07-14 12:03:00', '2020-07-14 12:03:00', 13),
(666, '2020-07-14 12:03:06', '2020-07-14 12:03:07', '2020-07-14 12:03:07', 25),
(667, '2020-07-14 12:04:07', '2020-07-14 12:03:15', '2020-07-14 12:03:15', 23),
(668, '2020-07-14 12:48:02', '2020-07-14 12:47:10', '2020-07-14 12:47:10', 23),
(669, '2020-07-14 12:47:15', '2020-07-14 12:47:14', '2020-07-14 12:47:14', 7),
(670, '2020-07-14 12:47:15', '2020-07-14 12:47:14', '2020-07-14 12:47:14', 15),
(671, '2020-07-14 12:47:29', '2020-07-14 12:47:30', '2020-07-14 12:47:30', 25),
(672, '2020-07-14 12:47:32', '2020-07-14 12:47:32', '2020-07-14 12:47:32', 30),
(673, '2020-07-14 12:47:51', '2020-07-14 12:47:50', '2020-07-14 12:47:50', 9),
(674, '2020-07-14 12:47:57', '2020-07-14 12:47:57', '2020-07-14 12:47:57', 29),
(675, '2020-07-14 12:48:25', '2020-07-14 12:48:24', '2020-07-14 12:48:24', 13),
(676, '2020-07-14 12:50:27', '2020-07-14 12:48:32', '2020-07-14 12:48:32', 24),
(677, '2020-07-14 12:48:35', '2020-07-14 12:48:35', '2020-07-14 12:48:35', 12),
(678, '2020-07-14 12:52:10', '2020-07-14 12:48:38', '2020-07-14 12:48:38', 26),
(679, '2020-07-14 12:48:59', '2020-07-14 12:48:59', '2020-07-14 12:48:59', 22),
(680, '2020-07-14 12:49:34', '2020-07-14 12:49:34', '2020-07-14 12:49:34', 16),
(681, '2020-07-14 12:49:52', '2020-07-14 12:49:52', '2020-07-14 12:49:52', 17),
(682, '2020-07-14 12:52:02', '2020-07-14 12:52:02', '2020-07-14 12:52:02', 8),
(683, '2020-07-14 12:54:28', '2020-07-14 12:54:29', '2020-07-14 12:54:29', 28),
(684, '2020-07-14 12:55:16', '2020-07-14 12:55:18', '2020-07-14 12:55:18', 27),
(685, '2020-07-14 13:34:10', '2020-07-14 13:34:10', '2020-07-14 13:34:10', 8),
(686, '2020-07-14 17:01:33', '2020-07-14 17:01:35', '2020-07-14 17:01:35', 30),
(687, '2020-07-14 17:01:44', '2020-07-14 17:01:44', '2020-07-14 17:01:44', 29),
(688, '2020-07-14 17:01:46', '2020-07-14 17:01:46', '2020-07-14 17:01:46', 17),
(689, '2020-07-14 17:01:57', '2020-07-14 17:01:57', '2020-07-14 17:01:57', 12),
(690, '2020-07-14 17:02:14', '2020-07-14 17:02:16', '2020-07-14 17:02:16', 27),
(691, '2020-07-14 17:03:04', '2020-07-14 17:03:04', '2020-07-14 17:03:04', 22),
(692, '2020-07-14 17:03:09', '2020-07-14 17:03:08', '2020-07-14 17:03:08', 15),
(693, '2020-07-14 17:05:17', '2020-07-14 17:03:22', '2020-07-14 17:03:22', 24),
(694, '2020-07-14 17:03:31', '2020-07-14 17:03:31', '2020-07-14 17:03:31', 25),
(695, '2020-07-14 17:04:32', '2020-07-14 17:04:31', '2020-07-14 17:04:31', 13),
(696, '2020-07-14 17:08:31', '2020-07-14 17:04:59', '2020-07-14 17:04:59', 26),
(697, '2020-07-14 17:05:56', '2020-07-14 17:05:03', '2020-07-14 17:05:03', 23),
(698, '2020-07-14 17:05:10', '2020-07-14 17:05:10', '2020-07-14 17:05:10', 16),
(699, '2020-07-14 17:06:29', '2020-07-14 17:06:28', '2020-07-14 17:06:28', 28),
(700, '2020-07-14 17:09:55', '2020-07-14 17:09:55', '2020-07-14 17:09:55', 8),
(701, '2020-07-14 17:09:59', '2020-07-14 17:09:58', '2020-07-14 17:09:58', 9),
(702, '2020-07-15 07:40:04', '2020-07-15 07:40:05', '2020-07-15 07:40:05', 7),
(703, '2020-07-15 07:46:51', '2020-07-15 07:46:51', '2020-07-15 07:46:51', 29),
(704, '2020-07-15 07:47:06', '2020-07-15 07:47:07', '2020-07-15 07:47:07', 12),
(705, '2020-07-15 07:48:04', '2020-07-15 07:47:12', '2020-07-15 07:47:12', 23),
(706, '2020-07-15 07:52:03', '2020-07-15 07:50:08', '2020-07-15 07:50:08', 24),
(707, '2020-07-15 07:52:59', '2020-07-15 07:51:03', '2020-07-15 07:51:03', 22),
(708, '2020-07-15 07:51:21', '2020-07-15 07:51:22', '2020-07-15 07:51:22', 17),
(709, '2020-07-15 07:51:56', '2020-07-15 07:51:57', '2020-07-15 07:51:57', 30),
(710, '2020-07-15 07:52:59', '2020-07-15 07:52:57', '2020-07-15 07:52:57', 15),
(711, '2020-07-15 07:56:24', '2020-07-15 07:56:22', '2020-07-15 07:56:22', 13),
(712, '2020-07-15 07:56:46', '2020-07-15 07:56:44', '2020-07-15 07:56:44', 27),
(713, '2020-07-15 07:57:11', '2020-07-15 07:57:09', '2020-07-15 07:57:09', 26),
(714, '2020-07-15 07:59:44', '2020-07-15 07:59:42', '2020-07-15 07:59:42', 9),
(715, '2020-07-15 07:59:57', '2020-07-15 07:59:58', '2020-07-15 07:59:58', 6),
(716, '2020-07-15 08:03:00', '2020-07-15 08:03:01', '2020-07-15 08:03:01', 16),
(717, '2020-07-15 08:23:05', '2020-07-15 08:23:07', '2020-07-15 08:23:07', 25),
(718, '2020-07-15 12:00:45', '2020-07-15 12:00:44', '2020-07-15 12:00:44', 27),
(719, '2020-07-15 12:00:48', '2020-07-15 12:00:48', '2020-07-15 12:00:48', 9),
(720, '2020-07-15 12:01:04', '2020-07-15 12:01:05', '2020-07-15 12:01:05', 8),
(721, '2020-07-15 12:01:15', '2020-07-15 12:01:14', '2020-07-15 12:01:14', 15),
(722, '2020-07-15 12:01:16', '2020-07-15 12:01:17', '2020-07-15 12:01:17', 30),
(723, '2020-07-15 12:01:24', '2020-07-15 12:01:23', '2020-07-15 12:01:23', 22),
(724, '2020-07-15 12:01:28', '2020-07-15 12:01:27', '2020-07-15 12:01:27', 13),
(725, '2020-07-15 12:05:11', '2020-07-15 12:01:39', '2020-07-15 12:01:39', 26),
(726, '2020-07-15 12:01:42', '2020-07-15 12:01:41', '2020-07-15 12:01:41', 24),
(727, '2020-07-15 12:02:48', '2020-07-15 12:01:56', '2020-07-15 12:01:56', 23),
(728, '2020-07-15 12:02:00', '2020-07-15 12:02:02', '2020-07-15 12:02:02', 25),
(729, '2020-07-15 12:02:04', '2020-07-15 12:02:04', '2020-07-15 12:02:04', 16),
(730, '2020-07-15 12:02:19', '2020-07-15 12:02:20', '2020-07-15 12:02:20', 29),
(731, '2020-07-15 12:02:20', '2020-07-15 12:02:20', '2020-07-15 12:02:20', 12),
(732, '2020-07-15 12:02:45', '2020-07-15 12:02:43', '2020-07-15 12:02:43', 17),
(733, '2020-07-15 12:02:51', '2020-07-15 12:02:52', '2020-07-15 12:02:52', 6),
(734, '2020-07-15 12:40:14', '2020-07-15 12:40:15', '2020-07-15 12:40:15', 29),
(735, '2020-07-15 12:51:28', '2020-07-15 12:51:26', '2020-07-15 12:51:26', 12),
(736, '2020-07-15 12:51:45', '2020-07-15 12:51:42', '2020-07-15 12:51:42', 16),
(737, '2020-07-15 12:51:56', '2020-07-15 12:51:54', '2020-07-15 12:51:54', 26),
(738, '2020-07-15 12:52:07', '2020-07-15 12:52:08', '2020-07-15 12:52:08', 8),
(739, '2020-07-15 12:52:48', '2020-07-15 12:52:46', '2020-07-15 12:52:46', 17),
(740, '2020-07-15 12:52:57', '2020-07-15 12:52:57', '2020-07-15 12:52:57', 24),
(741, '2020-07-15 12:53:08', '2020-07-15 12:53:10', '2020-07-15 12:53:10', 25),
(742, '2020-07-15 12:53:11', '2020-07-15 12:53:12', '2020-07-15 12:53:12', 30),
(743, '2020-07-15 12:53:18', '2020-07-15 12:53:17', '2020-07-15 12:53:17', 22),
(744, '2020-07-15 12:53:18', '2020-07-15 12:53:18', '2020-07-15 12:53:18', 30),
(745, '2020-07-15 12:53:19', '2020-07-15 12:53:19', '2020-07-15 12:53:19', 9),
(746, '2020-07-15 12:54:19', '2020-07-15 12:53:27', '2020-07-15 12:53:27', 23),
(747, '2020-07-15 12:53:27', '2020-07-15 12:53:27', '2020-07-15 12:53:27', 15),
(748, '2020-07-15 12:53:32', '2020-07-15 12:53:31', '2020-07-15 12:53:31', 13),
(749, '2020-07-15 12:53:40', '2020-07-15 12:53:40', '2020-07-15 12:53:40', 6),
(750, '2020-07-15 12:57:03', '2020-07-15 12:57:03', '2020-07-15 12:57:03', 27),
(751, '2020-07-15 12:59:17', '2020-07-15 12:59:17', '2020-07-15 12:59:17', 7);

-- --------------------------------------------------------

--
-- Table structure for table `employees`
--

CREATE TABLE `employees` (
  `id` int(11) NOT NULL,
  `employeeId` varchar(255) DEFAULT NULL,
  `name` varchar(255) DEFAULT NULL,
  `alias` varchar(255) DEFAULT NULL,
  `phoneNo` varchar(255) DEFAULT NULL,
  `nrcNo` varchar(255) DEFAULT NULL,
  `personalEmail` varchar(255) DEFAULT NULL,
  `officialEmail` varchar(255) DEFAULT NULL,
  `township` varchar(255) DEFAULT NULL,
  `city` varchar(255) DEFAULT NULL,
  `address` varchar(255) DEFAULT NULL,
  `postalCode` varchar(255) DEFAULT NULL,
  `dob` date DEFAULT NULL,
  `gender` enum('male','female') DEFAULT NULL,
  `position` varchar(255) DEFAULT NULL,
  `basicSalary` decimal(20,2) DEFAULT NULL,
  `nationality` varchar(255) DEFAULT NULL,
  `race` varchar(255) DEFAULT NULL,
  `maritalStatus` enum('single','married') DEFAULT NULL,
  `employeeStatus` enum('active','inactive') DEFAULT NULL,
  `photo` text DEFAULT NULL,
  `userName` varchar(255) DEFAULT NULL,
  `password` varchar(255) DEFAULT NULL,
  `createdAt` datetime NOT NULL,
  `updatedAt` datetime NOT NULL,
  `timeUsedHomeToOffice` varchar(255) DEFAULT NULL,
  `phoneNo2` varchar(255) DEFAULT NULL,
  `bankAccountNo` varchar(255) DEFAULT NULL,
  `currentFamilyMembers` text DEFAULT NULL
) ENGINE=InnoDB DEFAULT CHARSET=utf8;

--
-- Dumping data for table `employees`
--

INSERT INTO `employees` (`id`, `employeeId`, `name`, `alias`, `phoneNo`, `nrcNo`, `personalEmail`, `officialEmail`, `township`, `city`, `address`, `postalCode`, `dob`, `gender`, `position`, `basicSalary`, `nationality`, `race`, `maritalStatus`, `employeeStatus`, `photo`, `userName`, `password`, `createdAt`, `updatedAt`, `timeUsedHomeToOffice`, `phoneNo2`, `bankAccountNo`, `currentFamilyMembers`) VALUES
(1, '1', 'Admin', 'a', '01010101010', '12/lalala(N)01010011', 'mail@mail.com', 'johndoe@official.com', 'Sanchaung', 'Yangon', 'Yangon', '11111', '1993-01-01', 'male', 'Developer', '100000.00', 'Myanmar', 'Burma', 'single', 'active', 'null', 'john', '1234', '2020-06-29 14:52:58', '2020-07-15 16:23:09', '', NULL, NULL, NULL),
(6, '0001', 'May Wathone Htoo', 'a', '09770990555', '12/MARAKA(N)161197', 'mail@mail.com', 'maywathone@management-partners.co.jp', 'Sanchaung', 'Yangon', 'Yangon', '11111', '1993-01-01', 'female', 'Developer', '100000.00', 'Myanmar', 'Burma', 'single', 'active', 'http://192.168.10.124:5000/uploads/employee/images/0001_May Wathone Htoo(Photo).jpg', NULL, NULL, '2020-06-29 00:00:00', '2020-06-30 08:40:51', NULL, NULL, NULL, NULL),
(7, '0002', 'May Thandar Oo', 'a', '09449253875', '12/TAMANA(N)098511', 'mail@mail.com', 'maythandaroo@management-partners.co.jp', 'Sanchaung', 'Yangon', 'Yangon', '11111', '1993-01-01', 'female', 'Developer', '100000.00', 'Myanmar', 'Burma', 'married', 'active', 'http://192.168.10.124:5000/uploads/employee/images/0002_May Thandar Oo.jpg', NULL, NULL, '2020-06-29 00:00:00', '2020-06-30 08:37:41', NULL, NULL, NULL, NULL),
(8, '0003', 'Aung Thiha', 'a', '09791666509', '12/PAZATA(N)032520', 'mail@mail.com', 'thiha@management-partners.co.jp', 'Sanchaung', 'Yangon', 'Yangon', '11111', '1993-01-01', 'male', 'Developer', '100000.00', 'Myanmar', 'Burma', 'single', 'active', 'http://192.168.10.124:5000/uploads/employee/images/0003_Aung Thiha.jpg', NULL, NULL, '2020-06-29 00:00:00', '2020-06-30 08:49:29', NULL, NULL, NULL, NULL),
(9, '0004', 'Wai Zin Htun', 'a', '09972676685', '5/YABANA(N)145544', 'mail@mail.com', 'waizin@management-partners.co.jp', 'Sanchaung', 'Yangon', 'Yangon', '11111', '1993-01-01', 'female', 'Developer', '100000.00', 'Myanmar', 'Burma', 'single', 'active', 'http://192.168.10.124:5000/uploads/employee/images/0004_Wai Zin Htun.jpg', NULL, NULL, '2020-06-29 00:00:00', '2020-06-30 08:41:17', NULL, NULL, NULL, NULL),
(12, '0007', 'May Zin Mar Win', 'a', '09250686687', '12/LATHAYA(N)063811', 'mail@mail.com', 'mayzin@management-partners.co.jp', 'Sanchaung', 'Yangon', 'Yangon', '11111', '1993-01-01', 'female', 'Developer', '100000.00', 'Myanmar', 'Burma', 'single', 'active', 'http://192.168.10.124:5000/uploads/employee/images/0007_May Zin Mar Win.jpg', NULL, NULL, '2020-06-29 00:00:00', '2020-06-30 08:41:31', NULL, NULL, NULL, NULL),
(13, '0008', 'Zin Ko Myint', 'a', '09420313181', '12/YAPATHA(N)067001', 'mail@mail.com', 'zinko@management-partners.co.jp', 'Sanchaung', 'Yangon', 'Yangon', '11111', '1993-01-01', 'male', 'Developer', '100000.00', 'Myanmar', 'Burma', 'single', 'active', 'http://192.168.10.124:5000/uploads/employee/images/0008_Zin Ko Myint.jpg', NULL, NULL, '2020-06-29 00:00:00', '2020-06-30 08:41:45', NULL, NULL, NULL, NULL),
(15, '0010', 'Thuzar Thaung Sein', 'a', '09974568554', '9/MAHAMA(N)033158', 'mail@mail.com', 'thuzar@management-partners.co.jp', 'Sanchaung', 'Yangon', 'Yangon', '11111', '1993-01-01', 'female', 'Developer', '100000.00', 'Myanmar', 'Burma', 'single', 'active', 'http://192.168.10.124:5000/uploads/employee/images/0010_Thuzar Thaung Sein.jpg', NULL, NULL, '2020-06-29 00:00:00', '2020-06-30 08:42:00', NULL, NULL, NULL, NULL),
(16, '0011', 'May Phue Kyaw Soe', 'a', '09978170860', '9/MAKHANA(N)236465', 'mail@mail.com', 'mayphue17@management-partners.co.jp', 'Sanchaung', 'Yangon', 'Yangon', '11111', '1993-01-01', 'female', 'Developer', '100000.00', 'Myanmar', 'Burma', 'single', 'active', 'http://192.168.10.124:5000/uploads/employee/images/0011_May Phue Kyaw Soe.png', NULL, NULL, '2020-06-29 00:00:00', '2020-06-30 08:42:34', NULL, NULL, NULL, NULL),
(17, '0012', 'Phyu Thazin', 'a', '0943024501', '12/AUKAMA(N)218993', 'mail@mail.com', 'phyuzin@management-partners.co.jp', 'Sanchaung', 'Yangon', 'Yangon', '11111', '1993-01-01', 'female', 'Developer', '100000.00', 'Myanmar', 'Burma', 'single', 'active', 'http://192.168.10.124:5000/uploads/employee/images/0012_Phyu Thazin.png', NULL, NULL, '2020-06-29 00:00:00', '2020-06-30 08:42:46', NULL, NULL, NULL, NULL),
(22, '0017', 'Wut Mone Oo', 'a', '09420147349', '12/MAYAKA(N)143012', 'mail@mail.com', 'wutmone@management-partners.co.jp', 'Sanchaung', 'Yangon', 'Yangon', '11111', '1993-01-01', 'female', 'Developer', '100000.00', 'Myanmar', 'Burma', 'single', 'active', 'http://192.168.10.124:5000/uploads/employee/images/0017_Wut Mone Oo.jpg', NULL, NULL, '2020-06-29 00:00:00', '2020-06-30 08:43:05', NULL, NULL, NULL, NULL),
(23, '0018', 'Yan Lynn Aung', 'a', '09766646093', '12/DAGAMA(N)022198', 'mail@mail.com', 'yanlynn@management-partners.co.jp', 'Sanchaung', 'Yangon', 'Yangon', '11111', '1993-01-01', 'male', 'Developer', '100000.00', 'Myanmar', 'Burma', 'single', 'active', 'http://192.168.10.124:5000/uploads/employee/images/0018_Yan Lynn Aung.jpg', NULL, NULL, '2020-06-29 00:00:00', '2020-06-30 08:43:20', NULL, NULL, NULL, NULL),
(24, '0019', 'Su Sandy Aung', 'a', '09950866470', '5/YAUNA(N)102933', 'mail@mail.com', 'susan@management-partners.co.jp', 'Sanchaung', 'Yangon', 'Yangon', '11111', '1993-01-01', 'female', 'Developer', '100000.00', 'Myanmar', 'Burma', 'single', 'active', 'http://192.168.10.124:5000/uploads/employee/images/0019_Su Sandy Aung.jpg', NULL, NULL, '2020-06-29 00:00:00', '2020-06-30 08:43:38', NULL, NULL, NULL, NULL),
(25, '0020', 'Zayar Phone Naing', 'a', '09422190800', '6/HTAWANA(N)126522', 'mail@mail.com', 'zayarpn@management-partners.co.jp', 'Sanchaung', 'Yangon', 'Yangon', '11111', '1993-01-01', 'male', 'Developer', '100000.00', 'Myanmar', 'Burma', 'single', 'active', 'http://192.168.10.124:5000/uploads/employee/images/0020_Zayar Phone Naing.jpg', NULL, NULL, '2020-06-29 00:00:00', '2020-06-30 08:43:54', NULL, NULL, NULL, NULL),
(26, '0021', 'Lal Hmachhuani', 'a', '09455258023', '5/YABANA(N)201978', 'mail@mail.com', 'chhuani@management-partners.co.jp', 'Sanchaung', 'Yangon', 'Yangon', '11111', '1993-01-01', 'female', 'Developer', '100000.00', 'Myanmar', 'Burma', 'single', 'active', 'http://192.168.10.124:5000/uploads/employee/images/0021_Lal Hmachhuani.jpg', NULL, NULL, '2020-06-29 00:00:00', '2020-06-30 08:44:11', NULL, NULL, NULL, NULL),
(27, '0022', 'Myo Ko Ko', 'a', '09775551158', '5/AHTANA(N)104025', 'mail@mail.com', 'myokoko@management-partners.co.jp', 'Sanchaung', 'Yangon', 'Yangon', '11111', '1993-01-01', 'male', 'Developer', '100000.00', 'Myanmar', 'Burma', 'single', 'active', 'http://192.168.10.124:5000/uploads/employee/images/0022_Myo Ko Ko.jpg', NULL, NULL, '2020-06-29 00:00:00', '2020-06-30 08:44:25', NULL, NULL, NULL, NULL),
(28, '0023', 'Ei Moh Moh Aung', 'a', '09443399392', '7/PATANA(N)104804', 'mail@mail.com', 'eimoh@management-partners.co.jp', 'Sanchaung', 'Yangon', 'Yangon', '11111', '1993-01-01', 'female', 'Developer', '100000.00', 'Myanmar', 'Burma', 'single', 'active', 'http://192.168.10.124:5000/uploads/employee/images/0023_eimohmohaung.jpg', NULL, NULL, '2020-06-29 00:00:00', '2020-06-30 08:44:40', NULL, NULL, NULL, NULL),
(29, '0024', 'Eaindra Htet Htet Htun', 'a', '09779629097', '12/TAMANA(N)117452', 'mail@mail.com', 'eaindra@management-partners.co.jp', 'Sanchaung', 'Yangon', 'Yangon', '11111', '1993-01-01', 'female', 'Developer', '100000.00', 'Myanmar', 'Burma', 'single', 'active', 'http://192.168.10.124:5000/uploads/employee/images/0024_eaindrahtethtethtun.png', NULL, NULL, '2020-06-29 00:00:00', '2020-06-30 08:44:56', NULL, NULL, NULL, NULL),
(30, '0025', 'Yar Zar Lin Htet', 'a', '09256575161', '5/MAMANA(N)099547', 'mail@mail.com', 'yarzar@management-partners.co.jp', 'Sanchaung', 'Yangon', 'Yangon', '11111', '1993-01-01', 'male', 'Developer', '100000.00', 'Myanmar', 'Burma', 'single', 'active', 'http://192.168.10.124:5000/uploads/employee/images/Yar Zar Lin Htet.jpeg', NULL, NULL, '2020-06-29 00:00:00', '2020-06-30 16:41:22', NULL, NULL, NULL, NULL),
(31, '0000', 'Nishimura Hiroshi', '', '09269295460', 'TS2806568', '', 'h_nishimura@management-partners.co.jp', '', '', 'Yangon', '11111', '1969-08-11', 'male', 'Director', '100000.00', 'Japan', '', 'single', 'active', '', NULL, NULL, '2020-06-30 10:59:58', '2020-06-30 10:59:58', NULL, NULL, NULL, NULL);

-- --------------------------------------------------------

--
-- Table structure for table `notices`
--

CREATE TABLE `notices` (
  `id` int(11) NOT NULL,
  `title` varchar(255) DEFAULT NULL,
  `description` text DEFAULT NULL,
  `summary` varchar(255) DEFAULT NULL,
  `createdAt` datetime NOT NULL,
  `updatedAt` datetime NOT NULL,
  `employeeId` int(11) DEFAULT NULL
) ENGINE=InnoDB DEFAULT CHARSET=utf8;

--
-- Dumping data for table `notices`
--

INSERT INTO `notices` (`id`, `title`, `description`, `summary`, `createdAt`, `updatedAt`, `employeeId`) VALUES
(4, 'Meeting Result (29 Jun 2020)', '- Attendance software (hosted on local server) 1-July-2020 \n-     this week / next week  one by one meeting \n- Company      \n-  Japanese speech presentation  speaking skill    reading skill      \n-  Japan        N    \n- Sat, Sun          \n- Fine         ', '', '2020-06-29 14:53:55', '2020-06-29 14:53:55', 1),
(5, 'Leave (2020/7/3)', 'Thuzar Thaung Sein- 5 days left\nPhyu Thazin- 4.5 days left\nEaindra Htet Htet Htun- 3.5 days left\nZin Ko Myint- 3.5 days left\nMyo Ko Ko- 2 days left\nWutmoneOo- 2 days left\nMay Zin Mar Win - 1 day left\nWai Zin Htun- 1 day left\nSu Sandy Aung - 0.5 day left', '', '2020-07-03 10:06:04', '2020-07-03 10:06:04', 6),
(6, '7/13/2020 Meeting Result', 'Meeting Result (13 July 2020)\nN3 Japan    5:00 pm ~ 6:30 pm (Tue, Thu)  \n-\nN2, N1 level  self-study  ( plan )\n-\nWeekly Japanese   by force          \n-\nAug 3  Developer     Athlete Team and Oversea Job Team schedules       Team  other  projects  \n-\nJapanese speech  weekly (Mon, Wed, Fri)   1:00 pm  \n-\nMay Phue       partner  Susandy Aung  Thuzar + Mayzin   ', '', '2020-07-13 12:01:32', '2020-07-13 12:01:32', 7);

-- --------------------------------------------------------

--
-- Table structure for table `permissions`
--

CREATE TABLE `permissions` (
  `id` int(11) NOT NULL,
  `name` varchar(255) DEFAULT NULL,
  `createdAt` datetime NOT NULL,
  `updatedAt` datetime NOT NULL
) ENGINE=InnoDB DEFAULT CHARSET=utf8;

--
-- Dumping data for table `permissions`
--

INSERT INTO `permissions` (`id`, `name`, `createdAt`, `updatedAt`) VALUES
(1, 'employee-none', '2020-06-29 14:52:58', '2020-06-29 14:52:58'),
(2, 'employee-view', '2020-06-29 14:52:58', '2020-06-29 14:52:58'),
(3, 'employee-edit', '2020-06-29 14:52:58', '2020-06-29 14:52:58'),
(4, 'user-none', '2020-06-29 14:52:58', '2020-06-29 14:52:58'),
(5, 'user-view', '2020-06-29 14:52:58', '2020-06-29 14:52:58'),
(6, 'user-edit', '2020-06-29 14:52:58', '2020-06-29 14:52:58'),
(7, 'attendance-none', '2020-06-29 14:52:58', '2020-06-29 14:52:58'),
(8, 'attendance-view', '2020-06-29 14:52:58', '2020-06-29 14:52:58'),
(9, 'attendance-edit', '2020-06-29 14:52:58', '2020-06-29 14:52:58'),
(10, 'permission-none', '2020-06-29 14:52:58', '2020-06-29 14:52:58'),
(11, 'permission-view', '2020-06-29 14:52:58', '2020-06-29 14:52:58'),
(12, 'permission-edit', '2020-06-29 14:52:58', '2020-06-29 14:52:58'),
(13, 'notice-none', '2020-06-29 14:52:58', '2020-06-29 14:52:58'),
(14, 'notice-view', '2020-06-29 14:52:58', '2020-06-29 14:52:58'),
(15, 'notice-edit', '2020-06-29 14:52:58', '2020-06-29 14:52:58'),
(16, 'role-none', '2020-06-29 14:52:58', '2020-06-29 14:52:58'),
(17, 'role-view', '2020-06-29 14:52:58', '2020-06-29 14:52:58'),
(18, 'role-edit', '2020-06-29 14:52:58', '2020-06-29 14:52:58'),
(19, 'rolepermission-none', '2020-06-29 14:52:58', '2020-06-29 14:52:58'),
(20, 'rolepermission-view', '2020-06-29 14:52:58', '2020-06-29 14:52:58'),
(21, 'rolepermission-edit', '2020-06-29 14:52:58', '2020-06-29 14:52:58');

-- --------------------------------------------------------

--
-- Table structure for table `rolepermissions`
--

CREATE TABLE `rolepermissions` (
  `id` int(11) NOT NULL,
  `createdAt` datetime NOT NULL,
  `updatedAt` datetime NOT NULL,
  `roleId` int(11) DEFAULT NULL,
  `permissionId` int(11) DEFAULT NULL
) ENGINE=InnoDB DEFAULT CHARSET=utf8;

--
-- Dumping data for table `rolepermissions`
--

INSERT INTO `rolepermissions` (`id`, `createdAt`, `updatedAt`, `roleId`, `permissionId`) VALUES
(1, '2020-06-29 14:52:59', '2020-06-29 14:52:59', 1, 3),
(2, '2020-06-29 14:52:59', '2020-06-29 14:52:59', 1, 6),
(3, '2020-06-29 14:52:59', '2020-06-29 14:52:59', 1, 9),
(4, '2020-06-29 14:52:59', '2020-06-29 14:52:59', 1, 12),
(5, '2020-06-29 14:52:59', '2020-06-29 14:52:59', 1, 15),
(6, '2020-06-29 14:52:59', '2020-06-29 14:52:59', 1, 18),
(7, '2020-06-29 14:52:59', '2020-06-29 14:52:59', 1, 21),
(8, '2020-06-30 09:16:42', '2020-06-30 09:16:42', 5, 15),
(9, '2020-06-30 10:29:36', '2020-06-30 10:29:36', 4, 15),
(10, '2020-06-30 11:11:07', '2020-06-30 11:11:07', 6, 21),
(11, '2020-06-30 11:11:35', '2020-06-30 11:11:35', 6, 18),
(12, '2020-06-30 11:11:44', '2020-06-30 11:11:44', 6, 3),
(13, '2020-06-30 11:11:53', '2020-06-30 11:11:53', 6, 6),
(14, '2020-06-30 11:12:01', '2020-06-30 11:12:01', 6, 9),
(15, '2020-06-30 11:12:10', '2020-06-30 11:12:10', 6, 15),
(16, '2020-06-30 11:12:21', '2020-06-30 11:12:21', 6, 12);

-- --------------------------------------------------------

--
-- Table structure for table `roles`
--

CREATE TABLE `roles` (
  `id` int(11) NOT NULL,
  `name` varchar(255) DEFAULT NULL,
  `description` varchar(255) DEFAULT NULL,
  `createdAt` datetime NOT NULL,
  `updatedAt` datetime NOT NULL
) ENGINE=InnoDB DEFAULT CHARSET=utf8;

--
-- Dumping data for table `roles`
--

INSERT INTO `roles` (`id`, `name`, `description`, `createdAt`, `updatedAt`) VALUES
(1, 'Admin', 'This is main admin', '2020-06-29 14:52:58', '2020-06-29 14:52:58'),
(2, 'Employee', 'Normal Employee', '2020-06-29 14:52:58', '2020-06-29 14:52:58'),
(3, 'HR-Admin', 'HR Admin', '2020-06-29 14:52:58', '2020-06-29 14:52:58'),
(4, 'Manager', 'Manager', '2020-06-29 14:52:58', '2020-06-29 14:52:58'),
(5, 'Team-Leader', 'Team Leader', '2020-06-29 14:52:58', '2020-06-29 14:52:58'),
(6, 'Director', 'Director', '2020-06-30 11:09:22', '2020-06-30 11:09:22');

-- --------------------------------------------------------

--
-- Table structure for table `sequelizemeta`
--

CREATE TABLE `sequelizemeta` (
  `name` varchar(255) COLLATE utf8_unicode_ci NOT NULL
) ENGINE=InnoDB DEFAULT CHARSET=utf8 COLLATE=utf8_unicode_ci;

--
-- Dumping data for table `sequelizemeta`
--

INSERT INTO `sequelizemeta` (`name`) VALUES
('20200204071919-create-attendance.js'),
('20200204075003-create-user.js'),
('20200204080834-create-employee.js'),
('20200205015645-add-rs-attendance.js'),
('20200220093437-create-role.js'),
('20200220093906-create-permission.js'),
('20200220094305-create-role-permission.js'),
('20200220094725-add-rs-user.js'),
('20200220094941-add-rs-role-permission-role.js'),
('20200220095157-add-rs-role-permission-permission.js'),
('20200221020843-create-notice.js'),
('20200228014611-add-rs-user-role.js'),
('20200709022550-create-subscription.js'),
('20200715072936-add-columns-employee.js');

-- --------------------------------------------------------

--
-- Table structure for table `subscriptions`
--

CREATE TABLE `subscriptions` (
  `id` int(11) NOT NULL,
  `endpoint` text DEFAULT NULL,
  `expirationTime` timestamp NOT NULL DEFAULT current_timestamp() ON UPDATE current_timestamp(),
  `p256dh` text DEFAULT NULL,
  `auth` text DEFAULT NULL,
  `createdAt` datetime NOT NULL,
  `updatedAt` datetime NOT NULL
) ENGINE=InnoDB DEFAULT CHARSET=utf8;

-- --------------------------------------------------------

--
-- Table structure for table `users`
--

CREATE TABLE `users` (
  `id` int(11) NOT NULL,
  `name` varchar(255) DEFAULT NULL,
  `userName` varchar(255) DEFAULT NULL,
  `password` varchar(255) DEFAULT NULL,
  `createdAt` datetime NOT NULL,
  `updatedAt` datetime NOT NULL,
  `employeeId` int(11) DEFAULT NULL,
  `roleId` int(11) DEFAULT NULL
) ENGINE=InnoDB DEFAULT CHARSET=utf8;

--
-- Dumping data for table `users`
--

INSERT INTO `users` (`id`, `name`, `userName`, `password`, `createdAt`, `updatedAt`, `employeeId`, `roleId`) VALUES
(1, 'John Doe', 'admin', '$2b$10$8f1bGNZZ9M5L0kwnKWRBhe4ZrReXBK34Q09sWbnDiHl1aef3S60wK', '2020-06-29 14:52:58', '2020-06-30 11:01:40', 1, 1),
(2, 'Aung Thiha', 'thiha', '$2b$10$Pax75RgLmw.zuTwhA0sIyuyoxxR8xOciGkeiJK8nNAdCkwI/TLoci', '2020-06-30 09:33:50', '2020-06-30 10:28:24', 8, 5),
(3, 'May Wathone Htoo', 'wathone', '$2b$10$RkTDzIusbjjbXr9ti.9VLuunb9dcbAJfUvAD6mN9g6/64Xd9DAYGG', '2020-06-30 10:18:40', '2020-06-30 10:34:50', 6, 1),
(4, 'May Thandar Oo', 'thandar', '$2b$10$5FZqjjHDJoPNhifODlqvgu29bYxcfzdlvn4D.PRNWd.jNIwnmmdq2', '2020-06-30 10:19:38', '2020-06-30 10:19:38', 7, 4),
(5, 'Wai Zin Htun', 'waizin', '$2b$10$RzwsnXMsoPI90mgU.5nm8.BYOruMm.qgBocBCTtM1/5YPXvpDlYXW', '2020-06-30 10:20:17', '2020-06-30 10:20:17', 9, 5),
(6, 'May Zin Mar Win', 'mayzin', '$2b$10$9.3Jvlu1XFB46CCLqHvRyuEtfv9q1lzNKJEPl.dsBHItiULzmQ1nu', '2020-06-30 10:20:42', '2020-06-30 10:20:42', 12, 2),
(7, 'Zin Ko Myint', 'zinko', '$2b$10$jXA1bDkStnZA8/86m0lmMe2I2dfkS0JLSEI0Z3.k08KW6mdnFjp/i', '2020-06-30 10:21:11', '2020-06-30 10:21:11', 13, 2),
(8, 'Thuzar Thaung Sein', 'thuzar', '$2b$10$6vSA4NyDqv3a5WEydZhHPOJR6.MWrUm1y0KF3.vLzUGHGKmD6id1W', '2020-06-30 10:21:42', '2020-06-30 10:21:42', 15, 5),
(9, 'May Phue Kyaw Soe', 'mayphue', '$2b$10$iqESZuejr1gpp9N8M0FRvOqGT/yAgeApGEh3pPdneX9FZllnt/b/m', '2020-06-30 10:22:02', '2020-06-30 10:22:02', 16, 2),
(10, 'Phyu Thazin', 'phyuzin', '$2b$10$kYP1CfckCxaPLZCHr/mtMuR5ZMXZkrcY0kyJlqz.nW8qZ3nZedu9q', '2020-06-30 10:22:30', '2020-06-30 15:42:31', 17, 2),
(11, 'Wut Mone Oo', 'wutmone', '$2b$10$oqW0RvFhgksYRluuVWpxBu/BZc2EBxLni7fK0Z5HEgLCY2osuQfrS', '2020-06-30 10:22:55', '2020-06-30 10:22:55', 22, 2),
(12, 'Yan Lynn Aung', 'yanlynn', '$2b$10$V4E2JqnsNDLjcgMj01EMteXacG6MtiJufxP87F2Ruk91YyrlOWnje', '2020-06-30 10:23:20', '2020-06-30 10:23:20', 23, 2),
(13, 'Su Sandy Aung', 'susandy', '$2b$10$BI9I/AvdvZItcvEtPgQYAOfA7dsAQLWOF49iv9Aq9pqydP4nq.nyi', '2020-06-30 10:23:58', '2020-06-30 10:23:58', 24, 2),
(14, 'Zayar Phone Naing', 'zayar', '$2b$10$S5qqXKja2KlsznwzuXNRMuqmMdhpCs.PBmfXODrN3ntLtZyxnptLu', '2020-06-30 10:25:35', '2020-06-30 10:25:35', 25, 2),
(15, 'Lal Hmachhuani', 'chhuani', '$2b$10$pUn7X8SSo19ZH9M3zNwVuemgx3NrQCKt3v9mnrGPiP5TfpUmWaoiG', '2020-06-30 10:26:10', '2020-06-30 10:26:10', 26, 2),
(16, 'Myo Ko Ko', 'myoko', '$2b$10$dqGIuT6EgSvqszlrW5777ujbWvWEW5pDg0JAN8QCQ9P087ir5ZseK', '2020-06-30 10:26:30', '2020-06-30 10:26:30', 27, 2),
(17, 'Ei Moh Moh Aung', 'eimoh', '$2b$10$8ayp8QW2egj4u0QbFnxR5umnhVvdg0Bl28szdEqHsiic./fpFgTZ2', '2020-06-30 10:26:51', '2020-06-30 10:26:51', 28, 2),
(18, 'Eaindra Htet Htet Htun', 'eaindra', '$2b$10$ZmzmE/.6.Z7UqPao6FmuE.Gumyo165pRfTe6YrT53rTwAEuAqyiIq', '2020-06-30 10:27:20', '2020-06-30 10:27:20', 29, 2),
(19, 'Yar Zar Lin Htet', 'yarzar', '$2b$10$Bq7avOatxWe1HylpImJ1ROqVFTuDsYZeNL8vPTqJ7mPHISGdg8UW2', '2020-06-30 10:27:46', '2020-06-30 10:27:46', 30, 2),
(20, 'Nishimura Hiroshi', 'nishimura', '$2b$10$NzqYa7VGP/xNAQfOo1D8GOZY2Taawx3I4EXz.x7YJ3T8t13VA3c0S', '2020-06-30 11:10:08', '2020-06-30 11:10:08', 31, 6);

--
-- Indexes for dumped tables
--

--
-- Indexes for table `attendances`
--
ALTER TABLE `attendances`
  ADD PRIMARY KEY (`id`),
  ADD KEY `attendances_employeeId_foreign_idx` (`employeeId`);

--
-- Indexes for table `employees`
--
ALTER TABLE `employees`
  ADD PRIMARY KEY (`id`),
  ADD UNIQUE KEY `employeeId` (`employeeId`);

--
-- Indexes for table `notices`
--
ALTER TABLE `notices`
  ADD PRIMARY KEY (`id`),
  ADD KEY `employeeId` (`employeeId`);

--
-- Indexes for table `permissions`
--
ALTER TABLE `permissions`
  ADD PRIMARY KEY (`id`);

--
-- Indexes for table `rolepermissions`
--
ALTER TABLE `rolepermissions`
  ADD PRIMARY KEY (`id`),
  ADD KEY `rolepermissions_roleId_foreign_idx` (`roleId`),
  ADD KEY `rolepermissions_permissionId_foreign_idx` (`permissionId`);

--
-- Indexes for table `roles`
--
ALTER TABLE `roles`
  ADD PRIMARY KEY (`id`);

--
-- Indexes for table `sequelizemeta`
--
ALTER TABLE `sequelizemeta`
  ADD PRIMARY KEY (`name`),
  ADD UNIQUE KEY `name` (`name`);

--
-- Indexes for table `subscriptions`
--
ALTER TABLE `subscriptions`
  ADD PRIMARY KEY (`id`);

--
-- Indexes for table `users`
--
ALTER TABLE `users`
  ADD PRIMARY KEY (`id`),
  ADD KEY `users_employeeId_foreign_idx` (`employeeId`),
  ADD KEY `users_roleId_foreign_idx` (`roleId`);

--
-- AUTO_INCREMENT for dumped tables
--

--
-- AUTO_INCREMENT for table `attendances`
--
ALTER TABLE `attendances`
  MODIFY `id` int(11) NOT NULL AUTO_INCREMENT, AUTO_INCREMENT=752;

--
-- AUTO_INCREMENT for table `employees`
--
ALTER TABLE `employees`
  MODIFY `id` int(11) NOT NULL AUTO_INCREMENT, AUTO_INCREMENT=33;

--
-- AUTO_INCREMENT for table `notices`
--
ALTER TABLE `notices`
  MODIFY `id` int(11) NOT NULL AUTO_INCREMENT, AUTO_INCREMENT=7;

--
-- AUTO_INCREMENT for table `permissions`
--
ALTER TABLE `permissions`
  MODIFY `id` int(11) NOT NULL AUTO_INCREMENT, AUTO_INCREMENT=22;

--
-- AUTO_INCREMENT for table `rolepermissions`
--
ALTER TABLE `rolepermissions`
  MODIFY `id` int(11) NOT NULL AUTO_INCREMENT, AUTO_INCREMENT=17;

--
-- AUTO_INCREMENT for table `roles`
--
ALTER TABLE `roles`
  MODIFY `id` int(11) NOT NULL AUTO_INCREMENT, AUTO_INCREMENT=7;

--
-- AUTO_INCREMENT for table `subscriptions`
--
ALTER TABLE `subscriptions`
  MODIFY `id` int(11) NOT NULL AUTO_INCREMENT;

--
-- AUTO_INCREMENT for table `users`
--
ALTER TABLE `users`
  MODIFY `id` int(11) NOT NULL AUTO_INCREMENT, AUTO_INCREMENT=21;

--
-- Constraints for dumped tables
--

--
-- Constraints for table `attendances`
--
ALTER TABLE `attendances`
  ADD CONSTRAINT `attendances_employeeId_foreign_idx` FOREIGN KEY (`employeeId`) REFERENCES `employees` (`id`);

--
-- Constraints for table `notices`
--
ALTER TABLE `notices`
  ADD CONSTRAINT `notices_ibfk_1` FOREIGN KEY (`employeeId`) REFERENCES `employees` (`id`);

--
-- Constraints for table `rolepermissions`
--
ALTER TABLE `rolepermissions`
  ADD CONSTRAINT `rolepermissions_permissionId_foreign_idx` FOREIGN KEY (`permissionId`) REFERENCES `permissions` (`id`),
  ADD CONSTRAINT `rolepermissions_roleId_foreign_idx` FOREIGN KEY (`roleId`) REFERENCES `roles` (`id`);

--
-- Constraints for table `users`
--
ALTER TABLE `users`
  ADD CONSTRAINT `users_employeeId_foreign_idx` FOREIGN KEY (`employeeId`) REFERENCES `employees` (`id`),
  ADD CONSTRAINT `users_roleId_foreign_idx` FOREIGN KEY (`roleId`) REFERENCES `roles` (`id`);
COMMIT;

/*!40101 SET CHARACTER_SET_CLIENT=@OLD_CHARACTER_SET_CLIENT */;
/*!40101 SET CHARACTER_SET_RESULTS=@OLD_CHARACTER_SET_RESULTS */;
/*!40101 SET COLLATION_CONNECTION=@OLD_COLLATION_CONNECTION */;
